num_training_step_calls_per_iteration,num_env_steps_sampled_lifetime,done,training_iteration,trial_id,date,timestamp,time_this_iter_s,time_total_s,pid,hostname,node_ip,time_since_restore,iterations_since_restore,timers/training_iteration,timers/restore_env_runners,timers/training_step,timers/env_runner_sampling_timer,timers/replay_buffer_add_data_timer,timers/replay_buffer_sampling_timer,timers/learner_update_timer,timers/replay_buffer_update_prios_timer,timers/synch_weights,env_runners/num_env_steps_sampled,env_runners/sample,env_runners/num_env_steps_sampled_lifetime,env_runners/env_step_timer,env_runners/env_to_module_sum_episodes_length_in,env_runners/env_to_module_sum_episodes_length_out,env_runners/num_episodes_lifetime,env_runners/weights_seq_no,env_runners/rlmodule_inference_timer,env_runners/num_episodes,env_runners/env_reset_timer,env_runners/time_between_sampling,env_runners/episode_len_min,env_runners/episode_return_max,env_runners/episode_return_min,env_runners/episode_len_max,env_runners/episode_return_mean,env_runners/episode_duration_sec_mean,env_runners/episode_len_mean,env_runners/num_env_steps_sampled_lifetime_throughput,replay_buffer/num_episodes_per_sample,replay_buffer/num_episodes_stored,replay_buffer/num_env_steps_sampled,replay_buffer/actual_n_step,replay_buffer/num_episodes_added,replay_buffer/num_resamples,replay_buffer/num_env_steps_stored,replay_buffer/env_step_utilization,replay_buffer/num_episodes_added_lifetime,replay_buffer/num_episodes_evicted_lifetime,replay_buffer/num_episodes_evicted,replay_buffer/num_env_steps_per_sample_lifetime,replay_buffer/num_env_steps_evicted_lifetime,replay_buffer/num_env_steps_added_lifetime,replay_buffer/num_env_steps_added,replay_buffer/num_env_steps_sampled_lifetime,replay_buffer/num_env_steps_per_sample,replay_buffer/num_env_steps_evicted,fault_tolerance/num_healthy_workers,fault_tolerance/num_remote_worker_restarts,env_runner_group/actor_manager_num_outstanding_async_reqs,perf/cpu_util_percent,perf/ram_util_percent,env_runners/env_to_module_connector/connector_pipeline_timer,env_runners/num_agent_steps_sampled_lifetime/default_agent,env_runners/module_to_env_connector/connector_pipeline_timer,env_runners/num_module_steps_sampled_lifetime/default_policy,env_runners/num_agent_steps_sampled/default_agent,env_runners/num_module_steps_sampled/default_policy,env_runners/module_episode_return_mean/default_policy,env_runners/agent_episode_return_mean/default_agent,replay_buffer/num_module_episodes_per_sample/default_policy,replay_buffer/num_agent_episodes_evicted/default_agent,replay_buffer/num_agent_steps_evicted/default_agent,replay_buffer/num_agent_episodes/default_agent,replay_buffer/num_agent_steps_evicted_lifetime/default_agent,replay_buffer/num_agent_episodes_per_sample/default_agent,replay_buffer/num_agent_episodes_added_lifetime/default_agent,replay_buffer/num_agent_steps_stored/default_agent,replay_buffer/num_agent_steps_per_sample_lifetime/default_agent,replay_buffer/num_module_steps_sampled/default_policy,replay_buffer/module_actual_n_step/default_policy,replay_buffer/num_module_steps_evicted/default_policy,replay_buffer/num_module_steps_sampled_lifetime/default_policy,replay_buffer/num_module_resamples/default_policy,replay_buffer/agent_step_utilization/default_agent,replay_buffer/num_agent_episodes_evicted_lifetime/default_agent,replay_buffer/num_agent_steps_added_lifetime/default_agent,replay_buffer/num_module_steps_added_lifetime/default_policy,replay_buffer/num_agent_steps_sampled/default_agent,replay_buffer/num_module_episodes_added/default_policy,replay_buffer/num_module_steps_added/default_policy,replay_buffer/num_agent_resamples/default_agent,replay_buffer/num_module_episodes/default_policy,replay_buffer/num_module_steps_evicted_lifetime/default_policy,replay_buffer/num_agent_episodes_added/default_agent,replay_buffer/num_module_episodes_evicted_lifetime/default_policy,replay_buffer/num_agent_steps_added/default_agent,replay_buffer/num_module_episodes_added_lifetime/default_policy,replay_buffer/num_module_steps_per_sample_lifetime/default_policy,replay_buffer/num_agent_steps_sampled_lifetime/default_agent,replay_buffer/num_agent_steps_per_sample/default_agent,replay_buffer/num_module_steps_per_sample/default_policy,replay_buffer/agent_actual_n_step/default_agent,replay_buffer/module_step_utilization/default_policy,replay_buffer/num_module_episodes_evicted/default_policy,learners/default_policy/module_train_batch_size_mean,learners/default_policy/total_loss,learners/default_policy/num_trainable_parameters,learners/default_policy/gradients_default_optimizer_global_norm,learners/default_policy/last_target_update_ts,learners/default_policy/qf_mean,learners/default_policy/weights_seq_no,learners/default_policy/qf_min,learners/default_policy/default_optimizer_learning_rate,learners/default_policy/qf_max,learners/default_policy/num_target_updates,learners/default_policy/num_module_steps_trained,learners/default_policy/num_module_steps_trained_lifetime,learners/default_policy/td_error_mean,learners/default_policy/qf_loss,learners/default_policy/num_module_steps_trained_lifetime_throughput,learners/__all_modules__/learner_connector_sum_episodes_length_in,learners/__all_modules__/learner_connector_sum_episodes_length_out,learners/__all_modules__/num_env_steps_trained_lifetime,learners/__all_modules__/num_trainable_parameters,learners/__all_modules__/num_env_steps_trained,learners/__all_modules__/num_non_trainable_parameters,learners/__all_modules__/num_module_steps_trained,learners/__all_modules__/num_module_steps_trained_lifetime,learners/__all_modules__/num_env_steps_trained_lifetime_throughput,learners/__all_modules__/num_module_steps_trained_lifetime_throughput,learners/__all_modules__/learner_connector/connector_pipeline_timer,env_runners/env_to_module_connector/timers/connectors/add_observations_from_episodes_to_batch,env_runners/env_to_module_connector/timers/connectors/add_states_from_episodes_to_batch,env_runners/env_to_module_connector/timers/connectors/batch_individual_items,env_runners/env_to_module_connector/timers/connectors/add_time_dim_to_batch_and_zero_pad,env_runners/env_to_module_connector/timers/connectors/numpy_to_tensor,env_runners/module_to_env_connector/timers/connectors/listify_data_for_vector_env,env_runners/module_to_env_connector/timers/connectors/remove_single_ts_time_rank_from_batch,env_runners/module_to_env_connector/timers/connectors/get_actions,env_runners/module_to_env_connector/timers/connectors/tensor_to_numpy,env_runners/module_to_env_connector/timers/connectors/un_batch_to_individual_items,env_runners/module_to_env_connector/timers/connectors/normalize_and_clip_actions,learners/__all_modules__/learner_connector/timers/connectors/batch_individual_items,learners/__all_modules__/learner_connector/timers/connectors/add_next_observations_from_episodes_to_train_batch,learners/__all_modules__/learner_connector/timers/connectors/numpy_to_tensor,learners/__all_modules__/learner_connector/timers/connectors/add_observations_from_episodes_to_batch,learners/__all_modules__/learner_connector/timers/connectors/add_states_from_episodes_to_batch,learners/__all_modules__/learner_connector/timers/connectors/add_time_dim_to_batch_and_zero_pad,learners/__all_modules__/learner_connector/timers/connectors/add_columns_from_episodes_to_train_batch
247,1000.0,False,1,c3171_00000,2026-02-27_09-58-43,1772204323,5.189523458480835,5.189523458480835,14660,David_Laptop,127.0.0.1,5.189523458480835,1,5.177486200118437,1.3693154374033546e-05,0.02464142723304899,0.01175996102683626,0.0027344325826700344,0.33576499996706843,0.15402489993721247,0.02717710006982088,0.004042100161314011,1000.0,0.003516406124557646,1000.0,0.00014301229492038155,1.840653427467569,1.840653427467569,14.0,0.0,0.0015299562882850662,14.0,0.0003140500048175454,0.01589599604487351,32,-73.28401297330856,-120.3282900005579,135,-103.64286178722978,0.004249478557280132,61.357142857142854,211.26041658136793,18,14.73,2000,1.0,18,0,798.73,0.434,18,0,0,868,0,1000,1000,2000,868,0,2,0,2,21.7375,93.82499999999999,0.000241798764947809,1000.0,0.00041363464301294526,1000.0,1000.0,1000.0,-103.64286178722978,-103.64286178722978,18,0,0,14.73,0,18,18,798.73,868,2000,1.0,0,2000,0,0.434,0,1000,18,2000,1000,18,0,798.73,0,18,0,1000,1000,868,2000,868,868,1.0,0.434,0,2000,1.2289174,69125,0.7561698,1000.0,0.10957541,1.0,-0.07937615,0.001,0.45327312,1,2000,2000,1.3893735,1.2289174,nan,2000,2000,2000,69125,2000,0,2000,2000,nan,nan,0.07030149991624057,1.5191724529333258e-05,2.6633369636836296e-06,3.860686182839068e-05,5.7206208938848625e-06,8.376423226023396e-05,6.702406092944492e-05,2.7514935591697563e-06,6.554019714072843e-06,0.00010094687160210724,2.6286616970380518e-05,8.565364178421436e-05,0.035748499911278486,0.005689200013875961,0.00080289994366467,0.006092000054195523,9.800074622035027e-06,3.1800009310245514e-05,0.021411700174212456
247,2003.0,False,2,c3171_00000,2026-02-27_10-01-13,1772204473,149.61023712158203,154.79976058006287,14660,David_Laptop,127.0.0.1,154.79976058006287,2,6.621713433119003,2.0581710011645087e-05,0.550857887777444,0.01443416631260948,0.0026308504580910457,0.37283264908829805,0.16080232017515966,0.027937569200600056,0.0045710441607527885,1003.0,0.003472883946567136,2003.0,0.00020262995065733358,1.9879565304181974,1.9879565304181974,29.0,247.0,0.0014940758818928295,15.0,0.0003140500048175454,0.5480783027673253,32,-69.79622510075569,-120.3282900005579,145,-99.73901568160488,0.004008189678705972,66.82758620689656,7.01933378569393,6241,29.1,494000,1.0,15,0,1801.1,0.3562732860331539,33,0,0,179815,0,2003,1003,496000,178947,0,2,0,2,20.336407766990288,93.9116504854369,0.00021891246730485536,2003.0,0.0004159098057978562,2003.0,1003.0,1003.0,-99.73901568160488,-99.73901568160488,6241,0,0,29.1,0,6241,33,1801.1,179815,494000,1.0,0,496000,0,0.3562732860331539,0,2003,33,494000,1003,15,0,1801.1,0,15,0,1003,2003,179815,496000,178947,178947,1.0,0.3562732860331539,0,2000.0,0.47676104,69125,0.007679934,2003.0,-1.4801489,248.0,-2.8906507,0.001,0.060866788,3,494000,496000,31.777802,0.47676104,3439.2276219687637,2000.0,2000.0,496000,69125,494000,0,494000,496000,3439.2377498706833,3439.181501036759,0.08998221521396078,1.7046658162464086e-05,2.695384939838484e-06,3.501495584624443e-05,4.301611424926798e-06,7.616756262030994e-05,7.9755042817214e-05,3.0427811957607817e-06,7.5952102210213286e-06,9.47061330297074e-05,3.029044471050037e-05,8.149469912279819e-05,0.05184617741671134,0.005942434892226225,0.00041452038649879004,0.0068309228236454285,8.634675967636462e-06,3.832009826983232e-05,0.024645683488024765
248,3003.0,False,3,c3171_00000,2026-02-27_10-04-56,1772204696,222.51743578910828,377.31719636917114,14660,David_Laptop,127.0.0.1,377.31719636917114,3,8.780522080788552,3.038425914503197e-05,0.9792708602519692,0.01999408785272202,0.004446679666924913,0.6221066096243143,0.26528636808899086,0.04533729382864154,0.005574218274447282,1000.0,0.004747339925346984,3003.0,0.00023242631971132047,1.99914460343813,1.99914460343813,37.0,495.0,0.0020180856495770933,8.0,0.0003140500048175454,0.9754890975461805,32,-69.79622510075569,-121.84539840370417,145,-100.97207718372748,0.004002135158894029,69.35135135135135,3.707977810606577,9333,40.88,496000,1.0,8,0,2804.88,0.3899428413298831,41,0,0,392443,0,3003,1000,992000,212628,0,2,0,2,15.899335548172758,92.83521594684386,0.0003149757416660269,3003.0,0.00061447347325579,3003.0,1000.0,1000.0,-100.97207718372748,-100.97207718372748,9333,0,0,40.88,0,9333,41,2804.88,392443,496000,1.0,0,992000,0,0.3899428413298831,0,3003,41,496000,1000,8,0,2804.88,0,8,0,1000,3003,392443,992000,212628,212628,1.0,0.3899428413298831,0,2000.0,0.4220661,69125,0.01971261,2504.0,-3.0611422,496.0,-6.515094,0.001,-0.5924523,4,496000,992000,30.133024,0.4220661,1867.370870395329,2000.0,2000.0,992000,69125,496000,0,496000,992000,1867.3466939677678,1867.354780970691,0.14945192937767796,2.5248221192704855e-05,4.511727039679819e-06,5.436634031833084e-05,6.331161750555679e-06,0.00011081623263100924,0.00011719452508703138,4.538249051962192e-06,1.1230443748902226e-05,0.00013554115477595568,4.465028972645878e-05,0.00012614492117828425,0.08367011072824357,0.010294638046139542,0.0005640118227203778,0.01160341669777725,1.3525254530019921e-05,7.436114247864526e-05,0.04274837571508011
248,4006.0,False,4,c3171_00000,2026-02-27_10-09-21,1772204961,264.8972895145416,642.2144858837128,14660,David_Laptop,127.0.0.1,642.2144858837128,4,11.341493143980571,3.236230425854288e-05,1.0585901704177838,0.020418662460003442,0.004914035192205563,0.6712012996428391,0.2852322102933244,0.04776971721681728,0.005885737594922623,1003.0,0.005128496280104802,4006.0,0.00024685160379761734,2.0001011185096056,2.0001011185096056,48.0,743.0,0.0021275006891506862,11.0,0.0003140500048175454,1.0549041534827341,32,-69.79622510075569,-139.0577399879694,203,-100.58523567339095,0.004530162516554507,78.20833333333333,3.8190031513475553,11696,50.5,496000,1.0,11,0,3806.5,0.4186180571728938,52,0,0,629659,0,4006,1003,1488000,237216,0,2,0,2,20.038888888888888,93.28099415204677,0.00034457230566973726,4006.0,0.0006730499155139966,4006.0,1003.0,1003.0,-100.58523567339095,-100.58523567339095,11696,0,0,50.5,0,11696,52,3806.5,629659,496000,1.0,0,1488000,0,0.4186180571728938,0,4006,52,496000,1003,11,0,3806.5,0,11,0,1003,4006,629659,1488000,237216,237216,1.0,0.4186180571728938,0,2000.0,0.38357306,69125,0.051175684,3510.0,-5.430823,744.0,-15.074242,0.001,-0.7301543,6,496000,1488000,27.0782,0.38357306,1910.4302421372408,2000.0,2000.0,1488000,69125,496000,0,496000,1488000,1910.4293127384972,1910.4853372387079,0.16066695602541245,2.6792260661937466e-05,4.487250180575022e-06,5.97590853279745e-05,7.357323277292249e-06,0.00011933216954793628,0.00012590863680282942,5.12132923692589e-06,1.1686154069231683e-05,0.00015321503554997705,5.508056238108508e-05,0.00012304077174105362,0.0890409802612015,0.011644385562561513,0.0005870427435857944,0.012556339619848133,1.6616623077980837e-05,7.643684677979197e-05,0.04618155654131147
248,5009.0,False,5,c3171_00000,2026-02-27_10-13-45,1772205225,264.14235162734985,906.3568375110626,14660,David_Laptop,127.0.0.1,906.3568375110626,5,13.86927944354078,3.281290694960434e-05,1.0613820408233512,0.022049033004879398,0.005096755984910541,0.6733263550748416,0.2815947287614777,0.0483031452323947,0.007118717220304043,1003.0,0.00516734447145489,5009.0,0.0002482446852647453,2.0002024388428907,2.0002024388428907,59.0,991.0,0.0021487663361477198,11.0,0.0003140500048175454,1.0573927021831915,32,-69.79622510075569,-139.0577399879694,203,-94.54064557097853,0.004699154016561806,83.84,3.8444849234562537,14292,61.12,496000,1.0,11,0,4809.12,0.4442591320212758,63,0,0,890052,0,5009,1003,1984000,260393,0,2,0,2,21.344082840236688,93.17988165680474,0.00034464763130286514,5009.0,0.0006557760343075501,5009.0,1003.0,1003.0,-94.54064557097853,-94.54064557097853,14292,0,0,61.12,0,14292,63,4809.12,890052,496000,1.0,0,1984000,0,0.4442591320212758,0,5009,63,496000,1003,11,0,4809.12,0,11,0,1003,5009,890052,1984000,260393,260393,1.0,0.4442591320212758,0,2000.0,0.33276004,69125,0.058685184,4511.0,-7.9184976,992.0,-26.64413,0.001,-0.8261912,8,496000,1984000,22.590359,0.33276004,1912.6668940418817,2000.0,2000.0,1984000,69125,496000,0,496000,1984000,1912.6275284622338,1912.669259249084,0.1576644540816564,2.7063566096391573e-05,4.663365621848049e-06,6.013642530139181e-05,7.727711376254614e-06,0.00012068155272521719,0.00012669769994603982,4.92562084836843e-06,1.158011923568279e-05,0.00014712261689201663,4.840318031070817e-05,0.00012363918481316506,0.08752453339088202,0.011357290243485361,0.0005849022172349248,0.012583546961571246,1.5134531786814189e-05,7.711064394935293e-05,0.044957095838893034
247,6010.0,False,6,c3171_00000,2026-02-27_10-18-14,1772205494,268.6968870162964,1175.053724527359,14660,David_Laptop,127.0.0.1,1175.053724527359,6,16.41734323710478,3.120117009438921e-05,1.0945943230106576,0.02603188152348436,0.005233314599133943,0.6905883929401242,0.2919168400943317,0.04970196100321632,0.006215870192988718,1001.0,0.005271383629186305,6010.0,0.00029630805496431555,2.0002665909249573,2.0002665909249573,72.0,1238.0,0.0021586883773661897,13.0,0.0003140500048175454,1.0889330861807296,38,-70.03621385991573,-139.0577399879694,203,-88.48824192874133,0.006118368017487228,89.94,3.6877584103088186,17090,73.1,494000,1.0,13,0,5809.1,0.4692380196882027,76,0,0,1172656,0,6010,1001,2478000,282604,0,2,0,2,19.242372881355934,93.33954802259886,0.0003465722638441135,6010.0,0.0006738418617188034,6010.0,1001.0,1001.0,-88.48824192874133,-88.48824192874133,17090,0,0,73.1,0,17090,76,5809.1,1172656,494000,1.0,0,2478000,0,0.4692380196882027,0,6010,76,494000,1001,13,0,5809.1,0,13,0,1001,6010,1172656,2478000,282604,282604,1.0,0.4692380196882027,0,2000.0,0.009573474,69125,0.00074334216,5515.0,-9.824811,1239.0,-34.27571,0.001,-1.1494784,10,494000,2478000,19.38168,0.009573474,1814.720072740677,2000.0,2000.0,2478000,69125,494000,0,494000,2478000,1814.7554396367318,1814.7263223727734,0.16394962000969987,2.7789341110108443e-05,4.48883062814372e-06,5.951898759809095e-05,6.981540828307063e-06,0.00012226947209569488,0.00013460161648929834,5.298288818108484e-06,1.2033633654432485e-05,0.00015137196751394865,4.887548440024309e-05,0.00012097634226465373,0.08970343497645872,0.011824921533396229,0.0006177375362119311,0.013854685495102893,1.5509335052497374e-05,7.797456969176147e-05,0.04729937744837045
247,7013.0,False,7,c3171_00000,2026-02-27_10-20-57,1772205657,163.604754447937,1338.658478975296,14660,David_Laptop,127.0.0.1,1338.658478975296,7,17.889077777733583,2.1371863308439106e-05,0.6480617605372626,0.017879419976354075,0.0029269092114197984,0.40653425291641415,0.1715534392447897,0.029503374268673145,0.004566835775925209,1003.0,0.003573140626811846,7013.0,0.00016711529993172956,2.0003276514481563,2.0003276514481563,87.0,1485.0,0.0015496957106716496,15.0,0.0003140500048175454,0.6460370241018936,50,-70.03621385991573,-139.0577399879694,203,-83.04231880664825,0.006576111996546388,87.02,7.042405758569154,20457,87.19,494000,1.0,15,0,6811.19,0.48959625093082143,91,0,0,1465293,0,7013,1003,2972000,292637,0,2,0,2,14.760888888888891,94.0577777777778,0.00022273406030094592,7013.0,0.00042210307844757895,7013.0,1003.0,1003.0,-83.04231880664825,-83.04231880664825,20457,0,0,87.19,0,20457,91,6811.19,1465293,494000,1.0,0,2972000,0,0.48959625093082143,0,7013,91,494000,1003,15,0,6811.19,0,15,0,1003,7013,1465293,2972000,292637,292637,1.0,0.48959625093082143,0,2000.0,0.008948579,69125,0.00079828606,6518.0,-11.352408,1486.0,-36.076115,0.001,-1.2433972,12,494000,2972000,18.004822,0.008948579,3434.512429869096,2000.0,2000.0,2972000,69125,494000,0,494000,2972000,3434.497856139497,3434.5253210303804,0.09708266749153807,1.8150708511903316e-05,2.7988302825955257e-06,3.78287913143083e-05,4.299884338980014e-06,8.021201963139839e-05,8.256592471324141e-05,3.14418132101387e-06,8.088996019687482e-06,9.778145690626038e-05,3.252268674707595e-05,7.932050138261871e-05,0.055022567424573406,0.006638290037596339,0.0003864169485050625,0.0075152623863188675,8.650476534554686e-06,4.047982714349457e-05,0.027198455477914232
247,8013.0,False,8,c3171_00000,2026-02-27_10-23-46,1772205826,168.27192664146423,1506.9304056167603,14660,David_Laptop,127.0.0.1,1506.9304056167603,8,19.39286960995673,2.4378853818821464e-05,0.7695584867555794,0.01990455223363786,0.0034422505162941047,0.4850160999067772,0.20379970158566693,0.03448664862480387,0.004937731166972657,1000.0,0.003993377238853473,8013.0,0.0001926159514950479,2.0002208293040047,2.0002208293040047,99.0,1732.0,0.0017061645752733381,12.0,0.0003140500048175454,0.7620360852548768,59,-70.03621385991573,-121.21051562577486,133,-78.17629648149014,0.005952367996796965,78.86,4.108974358044877,24035,101.35,494000,1.0,12,0,7813.35,0.5084087238908143,103,0,0,1773967,0,8013,1000,3466000,308674,0,2,0,2,17.96379310344828,94.85474137931034,0.00026479632805384416,8013.0,0.00049851274376278,8013.0,1000.0,1000.0,-78.17629648149014,-78.17629648149014,24035,0,0,101.35,0,24035,103,7813.35,1773967,494000,1.0,0,3466000,0,0.5084087238908143,0,8013,103,494000,1000,12,0,7813.35,0,12,0,1000,8013,1773967,3466000,308674,308674,1.0,0.5084087238908143,0,2000.0,0.0070602973,69125,0.0006433486,7522.0,-11.773806,1733.0,-37.68373,0.001,-1.3873752,14,494000,3466000,13.960437,0.0070602973,2024.997599372203,2000.0,2000.0,3466000,69125,494000,0,494000,3466000,2025.0244968190743,2024.9915854757623,0.11572164723292608,2.07428792393596e-05,3.3892933170105567e-06,4.308875033664184e-05,5.2026406928817085e-06,9.301496294638898e-05,9.907827733091285e-05,3.456047690221763e-06,9.007203744357001e-06,0.00011413679621733626,4.083936096765096e-05,9.129437915501545e-05,0.06522943738971647,0.008022268212475368,0.0004808792684643237,0.009051877033578095,1.2683740402284957e-05,5.724860345335261e-05,0.03250368555121629
248,9014.0,False,9,c3171_00000,2026-02-27_10-27-35,1772206055,229.15549612045288,1736.0859017372131,14660,David_Laptop,127.0.0.1,1736.0859017372131,9,21.490252693857265,2.4923815189693826e-05,0.7791795759605885,0.02011627835558057,0.003546426056970747,0.49237815416327274,0.20465467452688466,0.03569065746854479,0.004833482699330052,1001.0,0.0040203768031673,9014.0,0.00020178451708560756,2.000164399318148,2.000164399318148,108.0,1980.0,0.0016917166316090854,9.0,0.0003140500048175454,0.7769263446476995,59,-70.03621385991573,-121.21051562577486,215,-78.40521207816899,0.005808527995832265,80.32,6.841996040637269,26713,110.73,496000,1.0,9,0,8814.73,0.5263427818975598,112,0,0,2098462,0,9014,1001,3962000,324495,0,2,0,2,17.818300653594772,94.66535947712418,0.000269590866817968,9014.0,0.0005124665414820963,9014.0,1001.0,1001.0,-78.40521207816899,-78.40521207816899,26713,0,0,110.73,0,26713,112,8814.73,2098462,496000,1.0,0,3962000,0,0.5263427818975598,0,9014,112,496000,1001,9,0,8814.73,0,9,0,1001,9014,2098462,3962000,324495,324495,1.0,0.5263427818975598,0,2000.0,0.007073309,69125,0.00092279294,8526.0,-12.941347,1981.0,-39.495205,0.001,-1.2819986,16,496000,3962000,13.865154,0.007073309,3392.12273509254,2000.0,2000.0,3962000,69125,496000,0,496000,3962000,3392.048423000933,3392.1192221681827,0.1143853507302805,2.155022152516226e-05,3.4762576979434887e-06,4.6365370343601015e-05,7.452759806813909e-06,9.635662398450748e-05,9.810485296381853e-05,3.9206604510454545e-06,9.457630016648886e-06,0.0001229897623534269,4.044244838887843e-05,9.343856472651038e-05,0.06379111545817473,0.00788479355003093,0.0004463417240550919,0.009079028912457942,1.1282438780501561e-05,5.225528086235689e-05,0.03277441800925864
249,10016.0,False,10,c3171_00000,2026-02-27_10-30-03,1772206203,148.52843952178955,1884.6143412590027,14660,David_Laptop,127.0.0.1,1884.6143412590027,10,22.760538321920652,2.0558355222504645e-05,0.6127427080376237,0.01676594276253318,0.002838744347257978,0.38682536032272496,0.15981988115476414,0.02796924366702629,0.0042473753737180524,1002.0,0.0033661524886547936,10016.0,0.0001694579168626039,2.000126353658649,2.000126353658649,114.0,2229.0,0.001506907155954024,6.0,0.0003140500048175454,0.6088443935347205,59,-70.03621385991573,-121.21051562577486,215,-79.36829680599273,0.005276717985980213,88.42,6.797518824456456,28678,116.5,498000,1.0,6,0,9816.5,0.5432830146037219,118,0,0,2437053,0,10016,1002,4460000,338591,0,2,0,2,18.18439024390244,93.62731707317074,0.00021271777230220097,10016.0,0.00040952229113726496,10016.0,1002.0,1002.0,-79.36829680599273,-79.36829680599273,28678,0,0,116.5,0,28678,118,9816.5,2437053,498000,1.0,0,4460000,0,0.5432830146037219,0,10016,118,498000,1002,6,0,9816.5,0,6,0,1002,10016,2437053,4460000,338591,338591,1.0,0.5432830146037219,0,2000.0,0.0065425197,69125,0.0013294397,9526.0,-13.45886,2230.0,-42.736317,0.001,-1.0282211,18,498000,4460000,12.757303,0.0065425197,3335.103324643378,2000.0,2000.0,4460000,69125,498000,0,498000,4460000,3335.2066340350807,3335.1463327142,0.08937191589773076,1.708716998685825e-05,2.7901994168498336e-06,3.65166113794974e-05,4.378062402291087e-06,7.626085449291689e-05,8.228052911282286e-05,3.078729998279888e-06,8.008585984190874e-06,9.51599803257112e-05,3.123156464316924e-05,7.515804599150558e-05,0.0500180676100088,0.006129032931987194,0.0003441202538331752,0.007104673733299926,8.152258414188982e-06,3.748988639065518e-05,0.025469038976204183
250,11019.0,False,11,c3171_00000,2026-02-27_10-33-57,1772206437,233.47822666168213,2118.092567920685,14660,David_Laptop,127.0.0.1,2118.092567920685,11,24.867490111699766,3.040843881784126e-05,1.012151439609747,0.022927765705419476,0.004739923975662962,0.658578322212398,0.24965376400535538,0.04652181882798205,0.006095118468027419,1003.0,0.004801984957335341,11019.0,0.00022726363094668052,1.9990417502603723,1.9990417502603723,119.0,2479.0,0.0020241885273307365,5.0,0.0003140500048175454,1.008298731835597,59,-70.03621385991573,-121.21051562577486,248,-81.79195859961212,0.004807121995836497,97.06,3.6724301276224214,30083,121.38,500000,1.0,5,0,10819.38,0.5594375495899623,123,0,0,2789728,0,11019,1003,4960000,352675,0,2,0,2,18.09153605015674,90.39090909090908,0.00032332114115654143,11019.0,0.0006067172905501624,11019.0,1003.0,1003.0,-81.79195859961212,-81.79195859961212,30083,0,0,121.38,0,30083,123,10819.38,2789728,500000,1.0,0,4960000,0,0.5594375495899623,0,11019,123,500000,1003,5,0,10819.38,0,5,0,1003,11019,2789728,4960000,352675,352675,1.0,0.5594375495899623,0,2000.0,0.0052407305,69125,0.0005437408,10528.0,-13.987702,2480.0,-45.660778,0.001,-0.9234574,20,500000,4960000,10.045807,0.0052407305,1828.2807420574175,2000.0,2000.0,4960000,69125,500000,0,500000,4960000,1828.2866870854448,1828.250898283574,0.13315135163700798,2.5925757866513273e-05,4.191837995282182e-06,5.495770129743483e-05,6.357731955151841e-06,0.00011508761631262862,0.00011479805131391474,4.500454981830128e-06,1.134038585303614e-05,0.0001373370856445035,4.6319622044742025e-05,0.00011698778703874202,0.06629122487068895,0.010903922649349052,0.0005565871580265696,0.011692899264772176,1.4155274043666526e-05,6.764146984300157e-05,0.04307785874061485
247,12019.0,False,12,c3171_00000,2026-02-27_10-38-31,1772206711,273.83787631988525,2391.93044424057,14660,David_Laptop,127.0.0.1,2391.93044424057,12,27.357029899582344,3.257949654990685e-05,1.0995751672287464,0.02141242381116238,0.005266842936139476,0.7217995185090568,0.2690812313181032,0.050794045673715496,0.005801017475548825,1000.0,0.0052064658476705765,12019.0,0.0002612962054199847,2.000142319766019,2.000142319766019,132.0,2726.0,0.0021109147487607073,13.0,0.0003140500048175454,1.0945892499693308,59,-69.35426326096058,-121.0605239495635,248,-80.03156842201948,0.004450673996470869,106.64,3.692023591182458,31891,132.56,494000,1.0,12,0,11818.56,0.5743237814088582,135,0,0,3147540,0,12019,1000,5454000,357812,0,2,0,2,16.155342465753428,87.45287671232876,0.00035797402484601863,12019.0,0.0006600268219742012,12019.0,1000.0,1000.0,-80.03156842201948,-80.03156842201948,31891,0,0,132.56,0,31891,135,11818.56,3147540,494000,1.0,0,5454000,0,0.5743237814088582,0,12019,135,494000,1000,12,0,11818.56,0,12,0,1000,12019,3147540,5454000,357812,357812,1.0,0.5743237814088582,0,2000.0,0.0052994243,69125,0.0010299244,11533.0,-14.791766,2727.0,-48.467266,0.001,-0.6201911,22,494000,5454000,10.210863,0.0052994243,1820.7822012814593,2000.0,2000.0,5454000,69125,494000,0,494000,5454000,1820.7202638947904,1820.810498796359,0.1435259483670531,2.8042246228892127e-05,4.905437414776879e-06,6.295867251107025e-05,7.275819917031151e-06,0.0001203379165330258,0.000126630390778188,6.010609968344983e-06,1.1775240434642063e-05,0.00014669391286460253,4.930123896831854e-05,0.00012473328880886091,0.07049424107760016,0.01176429249239617,0.0006029284567839185,0.012768249739050507,1.4867522892985912e-05,7.804222759687364e-05,0.04725106009290651
247,13019.0,False,13,c3171_00000,2026-02-27_10-42-58,1772206978,267.27402448654175,2659.204468727112,14660,David_Laptop,127.0.0.1,2659.204468727112,13,29.756090177587772,3.246384520656945e-05,1.0656492258584511,0.02036666919493703,0.005028188452075795,0.6983047052943432,0.2621842480855768,0.049339306709234795,0.0056872539153969,1000.0,0.005024085025722872,13019.0,0.00024305984218309828,2.000226523489731,2.000226523489731,143.0,2973.0,0.0020481706808988353,11.0,0.0003140500048175454,1.0660498806806875,68,-68.9064529761672,-121.0605239495635,248,-79.74774121530353,0.0049302979744970795,109.92,4.390888198724276,34859,144.64,494000,1.0,12,0,12818.64,0.5881836334079825,147,0,0,3514050,0,13019,1000,5948000,366510,0,2,0,2,18.787887323943664,87.5867605633803,0.0003444282038332597,13019.0,0.0006388332524232034,13019.0,1000.0,1000.0,-79.74774121530353,-79.74774121530353,34859,0,0,144.64,0,34859,147,12818.64,3514050,494000,1.0,0,5948000,0,0.5881836334079825,0,13019,147,494000,1000,12,0,12818.64,0,12,0,1000,13019,3514050,5948000,366510,366510,1.0,0.5881836334079825,0,2000.0,0.0051344363,69125,0.0006028588,12538.0,-15.049318,2974.0,-50.973015,0.001,0.5925425,24,494000,5948000,9.79846,0.0051344363,2226.5128996630137,2000.0,2000.0,5948000,69125,494000,0,494000,5948000,2226.57651759603,2226.5074924998003,0.1399028638694059,2.7863593065923374e-05,4.589278504402821e-06,5.928289833272975e-05,6.732521748344123e-06,0.0001209494496497085,0.00012261021925552917,5.082177471925815e-06,1.194456759127259e-05,0.00014426085152177898,4.820368871044394e-05,0.0001199433172480136,0.06902892650206979,0.01136327382725919,0.0006396933703409543,0.012621517122201406,1.5712070802513695e-05,7.373955561915513e-05,0.04551458058569185
248,14019.0,False,14,c3171_00000,2026-02-27_10-45-57,1772207157,178.62647581100464,2837.8309445381165,14660,David_Laptop,127.0.0.1,2837.8309445381165,14,31.244638908812927,2.9166645635012384e-05,0.8191933230441211,0.017265505014529274,0.0035738862038919,0.5371300783414243,0.19822610787040093,0.03881220759880812,0.004970351324477514,1000.0,0.004078267465611763,14019.0,0.00019517367601446856,2.0001544667162086,2.0001544667162086,151.0,3221.0,0.0017077989829370416,8.0,0.0003140500048175454,0.8140083041067399,69,-68.9064529761672,-121.0605239495635,248,-80.13680077187718,0.005025883978232741,111.0,4.964875166443902,37507,153.67,496000,1.0,8,0,13819.67,0.600989412072781,155,0,0,3888038,0,14019,1000,6444000,373988,0,2,0,2,21.338056680161944,89.11902834008096,0.0002793562499819324,14019.0,0.0005413956451272297,14019.0,1000.0,1000.0,-80.13680077187718,-80.13680077187718,37507,0,0,153.67,0,37507,155,13819.67,3888038,496000,1.0,0,6444000,0,0.600989412072781,0,14019,155,496000,1000,8,0,13819.67,0,8,0,1000,14019,3888038,6444000,373988,373988,1.0,0.600989412072781,0,2000.0,0.00519262,69125,0.001115032,13540.0,-16.368977,3222.0,-51.143707,0.001,0.34691715,26,496000,6444000,9.850788,0.00519262,2440.375828681396,2000.0,2000.0,6444000,69125,496000,0,496000,6444000,2440.2779352083794,2440.38435184473,0.10525091857345735,2.004422313400973e-05,3.498660550929674e-06,5.576870928962241e-05,5.374329664303861e-06,9.963136831350863e-05,0.00010249364864173128,3.827070679396343e-06,9.184140351523596e-06,0.0001469258953328755,3.8674841570874114e-05,9.972133445093631e-05,0.05248318310810671,0.008356014408138558,0.0004899345676621693,0.009255383691242448,1.1404482714552498e-05,5.731324532047735e-05,0.034137304108275736
249,15021.0,False,15,c3171_00000,2026-02-27_10-48-31,1772207311,154.03251266479492,2991.8634572029114,14660,David_Laptop,127.0.0.1,2991.8634572029114,15,32.4724111477248,2.1636857871457513e-05,0.627643635043675,0.014673850615884988,0.0027291375227444805,0.41082133615646393,0.15161931021751318,0.029023850228955404,0.004218773397416261,1002.0,0.0033590361730129466,15021.0,0.000164719924423237,2.0001552555050823,2.0001552555050823,157.0,3470.0,0.0014194232716201322,6.0,0.0003140500048175454,0.6242290637697706,69,-68.9064529761672,-156.8299401924014,275,-84.39151664890349,0.005078959995880723,123.22,6.720102818352764,39215,158.92,498000,1.0,6,0,14820.92,0.6128935259866253,161,0,0,4269799,0,15021,1002,6942000,381761,0,2,0,2,18.343867924528304,92.1433962264151,0.00021196880240681147,15021.0,0.00041883957465816096,15021.0,1002.0,1002.0,-84.39151664890349,-84.39151664890349,39215,0,0,158.92,0,39215,161,14820.92,4269799,498000,1.0,0,6942000,0,0.6128935259866253,0,15021,161,498000,1002,6,0,14820.92,0,6,0,1002,15021,4269799,6942000,381761,381761,1.0,0.6128935259866253,0,2000.0,0.0043867957,69125,0.0005329546,14545.0,-16.2149,3471.0,-55.52181,0.001,1.3157508,28,498000,6942000,8.246152,0.0043867957,3294.91156019604,2000.0,2000.0,6942000,69125,498000,0,498000,6942000,3294.8988096088624,3295.12339725338,0.08026151784748019,1.6661316336290182e-05,2.9861658923358975e-06,3.736002163059083e-05,4.3465040912187856e-06,7.765566210116162e-05,8.444133872285785e-05,3.0050968897212853e-06,7.672444465746207e-06,9.944352822364739e-05,3.117192852333686e-05,7.754826425830462e-05,0.04016212144271841,0.006306864815017085,0.00035427336615930784,0.007250365362899745,9.498070379844813e-06,3.8650815429348804e-05,0.025860183853512905
249,16021.0,False,16,c3171_00000,2026-02-27_10-51-34,1772207494,183.24608969688416,3175.1095468997955,14660,David_Laptop,127.0.0.1,3175.1095468997955,16,33.979910752246255,2.309448969364855e-05,0.7041640171551796,0.014934894947875081,0.0030308815675434988,0.4636698674555701,0.16891496438594958,0.0324715338404307,0.004605193311652288,1000.0,0.003617804167633718,16021.0,0.00017429587038696051,2.0001409870737747,2.0001409870737747,161.0,3719.0,0.0015437547761215028,4.0,0.0003140500048175454,0.7019023694585629,69,-68.9064529761672,-168.9570460319519,275,-90.72764562189579,0.005080828000791371,134.14,6.6687679731883645,40284,162.97,498000,1.0,4,0,15820.97,0.6240048028419667,165,0,0,4657969,0,16021,1000,7440000,388170,0,2,0,2,20.91106719367589,92.93596837944665,0.00024294680815482465,16021.0,0.00046227044078518724,16021.0,1000.0,1000.0,-90.72764562189579,-90.72764562189579,40284,0,0,162.97,0,40284,165,15820.97,4657969,498000,1.0,0,7440000,0,0.6240048028419667,0,16021,165,498000,1000,4,0,15820.97,0,4,0,1000,16021,4657969,7440000,388170,388170,1.0,0.6240048028419667,0,2000.0,0.004033286,69125,0.0011544198,15545.0,-16.976429,3720.0,-56.602406,0.001,1.5684305,30,498000,7440000,7.613713,0.004033286,3290.8265210559966,2000.0,2000.0,7440000,69125,498000,0,498000,7440000,3290.7226604598204,3290.9255826379454,0.08996533612796989,1.9427379108425522e-05,3.0460071677030107e-06,4.050556660548476e-05,4.419442757429569e-06,9.44541441400066e-05,9.076618922264958e-05,3.1700445328369557e-06,1.0510107575836705e-05,0.00010634602115704701,3.6283988362028876e-05,8.618545503887194e-05,0.045015174330459255,0.007121781915324274,0.0004096263151364936,0.008052438563478906,9.701524755571911e-06,4.6406602998519026e-05,0.028914371869869407
249,17021.0,False,17,c3171_00000,2026-02-27_10-54-38,1772207678,183.5691635608673,3358.678710460663,14660,David_Laptop,127.0.0.1,3358.678710460663,17,35.475690166723794,2.393172210262279e-05,0.668643751065917,0.014571128843405945,0.0028936297122186994,0.43838982878705013,0.16185306985404066,0.03124439529671104,0.004318833188569036,1000.0,0.0034695369998582973,17021.0,0.00017071998213928852,2.00012617649618,2.00012617649618,165.0,3968.0,0.0014693514288023782,4.0,0.0003140500048175454,0.6656980567589807,69,-68.9064529761672,-168.9570460319519,275,-94.87040091954172,0.0051888780016452075,138.66,6.5304605274943,41315,167.25,498000,1.0,4,0,16821.25,0.63447651210406,169,0,0,5052096,0,17021,1000,7938000,394127,0,2,0,2,21.56929133858268,92.10787401574804,0.0002291850226697931,17021.0,0.000441473510494147,17021.0,1000.0,1000.0,-94.87040091954172,-94.87040091954172,41315,0,0,167.25,0,41315,169,16821.25,5052096,498000,1.0,0,7938000,0,0.63447651210406,0,17021,169,498000,1000,4,0,16821.25,0,4,0,1000,17021,5052096,7938000,394127,394127,1.0,0.63447651210406,0,2000.0,0.0037999924,69125,0.0019779706,16546.0,-17.3967,3969.0,-58.217747,0.001,2.395319,32,498000,7938000,6.995285,0.0037999924,3236.9369074697324,2000.0,2000.0,7938000,69125,498000,0,498000,7938000,3237.024376025467,3237.0642733816526,0.08584141388884234,1.7319291492026725e-05,2.8620792322015444e-06,3.853284987608841e-05,4.487545502354388e-06,9.015925967334079e-05,8.861208095332194e-05,3.1454088396312597e-06,8.398046701241868e-06,0.00010473213360838747,3.375251603563279e-05,8.297789137889604e-05,0.042355515116882916,0.006823191368927827,0.0003853213261257333,0.007617909242204032,9.334750484599801e-06,7.65732350079921e-05,0.02826643525632534
250,18024.0,False,18,c3171_00000,2026-02-27_10-57-08,1772207828,150.46701550483704,3509.1457259655,14660,David_Laptop,127.0.0.1,3509.1457259655,18,36.6255028560563,2.055792949853204e-05,0.5982959593479183,0.013997934913488292,0.0025891273690803527,0.39161120510906605,0.14380866229606865,0.02845525227747204,0.0038685904090142754,1003.0,0.0031253824266663883,18024.0,0.00015914800760918755,2.000078664359515,2.000078664359515,168.0,4218.0,0.0013279750067866792,3.0,0.0003140500048175454,0.595312997765857,69,-68.9064529761672,-168.9570460319519,275,-96.42118850536644,0.005125199998728931,143.1,6.933125273783944,42495,171.13,500000,1.0,3,0,17825.13,0.6443822653726542,172,0,0,5452881,0,18024,1003,8438000,400785,0,2,0,2,21.323809523809523,92.35714285714286,0.0002081104705665732,18024.0,0.00040685414203170525,18024.0,1003.0,1003.0,-96.42118850536644,-96.42118850536644,42495,0,0,171.13,0,42495,172,17825.13,5452881,500000,1.0,0,8438000,0,0.6443822653726542,0,18024,172,500000,1003,3,0,17825.13,0,3,0,1003,18024,5452881,8438000,400785,400785,1.0,0.6443822653726542,0,2000.0,0.0034088707,69125,0.00053249195,17550.0,-17.631762,4219.0,-60.456142,0.001,2.315819,34,500000,8438000,6.2701564,0.0034088707,3448.1029507164603,2000.0,2000.0,8438000,69125,500000,0,500000,8438000,3448.093824665459,3448.132437547336,0.07676445911644257,1.670463985295567e-05,2.697327048001752e-06,3.421667639707463e-05,4.20491825202481e-06,7.493978182013689e-05,7.8052827616399e-05,2.994653190954282e-06,7.580397183413229e-06,9.880365681411791e-05,3.09418320505346e-05,7.447569892613876e-05,0.03818843859082223,0.0061950538248350916,0.00033891092608164073,0.006805790697870673,8.454093727190803e-06,4.236717928852364e-05,0.024949252721282733
250,19027.0,False,19,c3171_00000,2026-02-27_10-59-35,1772207975,146.20226335525513,3655.347989320755,14660,David_Laptop,127.0.0.1,3655.347989320755,19,37.72118693349493,2.0383302335442754e-05,0.5840898755184569,0.012671043572489351,0.0025283090135253933,0.38284828922494807,0.1403303710514721,0.027509858598732173,0.004334710081573351,1003.0,0.003048108305872578,19027.0,0.0001496580031998242,2.0000930299000146,2.0000930299000146,171.0,4468.0,0.001307362207901075,3.0,0.0003140500048175454,0.580558116934379,69,-68.9064529761672,-188.16607031971216,419,-99.85761029697954,0.005158228003419935,153.72,6.959093588278684,43167,173.93,500000,1.0,3,0,18827.93,0.653771746414829,175,0,0,5859274,0,19027,1003,8938000,406393,0,2,0,2,17.058333333333334,90.77892156862745,0.00020009614826399963,19027.0,0.0003861703562492619,19027.0,1003.0,1003.0,-99.85761029697954,-99.85761029697954,43167,0,0,173.93,0,43167,175,18827.93,5859274,500000,1.0,0,8938000,0,0.653771746414829,0,19027,175,500000,1003,3,0,18827.93,0,3,0,1003,19027,5859274,8938000,406393,406393,1.0,0.653771746414829,0,2000.0,0.0031493183,69125,0.0014243932,18552.0,-18.415825,4469.0,-62.54335,0.001,2.747325,36,500000,8938000,5.801154,0.0031493183,3424.562943624662,2000.0,2000.0,8938000,69125,500000,0,500000,8938000,3424.524199537062,3424.525868583781,0.07537748153466027,1.6029589290532748e-05,2.6512991443788387e-06,3.30578221037768e-05,4.022204764545477e-06,7.36565360404404e-05,7.503425259680202e-05,2.904068370580267e-06,7.674747525511383e-06,9.089559594097905e-05,2.9854925690029332e-05,7.129164935858022e-05,0.037498146770307605,0.005955158484535887,0.0003197378957526773,0.006712572705078529,8.03969386170202e-06,3.921003009091187e-05,0.024621769975879164
250,20029.0,False,20,c3171_00000,2026-02-27_11-02-18,1772208138,163.23838829994202,3818.586377620697,14660,David_Laptop,127.0.0.1,3818.586377620697,20,38.97626626116145,2.135687798123816e-05,0.6142369041205956,0.013298071787251753,0.0025950282758483534,0.4034618717690087,0.14740511820846977,0.028800394318899657,0.004575295814802591,1002.0,0.003165964047837401,20029.0,0.00016311967731449557,2.0000418137809683,2.0000418137809683,173.0,4718.0,0.001354824307645074,2.0,0.0003140500048175454,0.6111843076877226,69,-68.9064529761672,-188.16607031971216,419,-101.83749894432724,0.005050972001627087,160.0,6.967347994614121,43982,176.59,500000,1.0,2,0,19830.59,0.6628377790224762,177,0,0,6272108,0,20029,1002,9438000,412834,0,2,0,2,29.458951965065495,92.90698689956332,0.00020859348564080418,20029.0,0.0004024700314763357,20029.0,1002.0,1002.0,-101.83749894432724,-101.83749894432724,43982,0,0,176.59,0,43982,177,19830.59,6272108,500000,1.0,0,9438000,0,0.6628377790224762,0,20029,177,500000,1002,2,0,19830.59,0,2,0,1002,20029,6272108,9438000,412834,412834,1.0,0.6628377790224762,0,2000.0,0.0030308426,69125,0.0008470155,19556.0,-19.469337,4719.0,-65.49917,0.001,4.0338635,38,500000,9438000,5.529303,0.0030308426,3466.52492981394,2000.0,2000.0,9438000,69125,500000,0,500000,9438000,3466.712521136738,3466.545146820976,0.07820941205929731,1.6425472135560082e-05,2.800792374700408e-06,3.522908258602176e-05,4.283866770334798e-06,7.74783183842066e-05,7.882770171114746e-05,3.0706767511938716e-06,7.972684703951563e-06,9.382693934831753e-05,3.2076058304112856e-05,7.298108835277126e-05,0.03862881854771026,0.00620438778467548,0.0003413750238697826,0.007088776330819187,1.2324773656261807e-05,4.3161301560037984e-05,0.025635876799348933
250,21032.0,False,21,c3171_00000,2026-02-27_11-04-46,1772208286,147.5743544101715,3966.1607320308685,14660,David_Laptop,127.0.0.1,3966.1607320308685,21,40.06214055754893,2.0323165492864758e-05,0.5952706663883899,0.01486062222564866,0.0026158588801596648,0.38998267760652994,0.1417245122894244,0.028362807476183513,0.0038052188432122986,1003.0,0.003339762225679976,21032.0,0.00015657740047555726,2.0000517877091246,2.0000517877091246,176.0,4968.0,0.001431807861535897,3.0,0.0003140500048175454,0.5918933927922085,69,-68.9064529761672,-188.16607031971216,419,-106.66731568835675,0.00489758400246501,178.46,6.830594410072052,44604,179.69,500000,1.0,3,0,20833.69,0.6715359788703603,180,0,0,6690076,0,21032,1003,9938000,417968,0,2,0,2,19.25951219512195,91.33463414634146,0.00031143635116415494,21032.0,0.0004151197291267623,21032.0,1003.0,1003.0,-106.66731568835675,-106.66731568835675,44604,0,0,179.69,0,44604,180,20833.69,6690076,500000,1.0,0,9938000,0,0.6715359788703603,0,21032,180,500000,1003,3,0,20833.69,0,3,0,1003,21032,6690076,9938000,417968,417968,1.0,0.6715359788703603,0,2000.0,0.0028871922,69125,0.0007030742,20558.0,-20.10763,4969.0,-68.11661,0.001,2.5286233,40,500000,9938000,5.2387156,0.0028871922,3392.6068850226916,2000.0,2000.0,9938000,69125,500000,0,500000,9938000,3392.60371107983,3392.6241360015547,0.07575889724987386,0.00011827708252607164,2.7051593648321437e-06,3.457143765670278e-05,4.14743771168917e-06,8.086305864334997e-05,7.741538056116399e-05,2.992467858723758e-06,7.734914711362675e-06,9.569266765813512e-05,3.266002637635993e-05,8.61844792808718e-05,0.037577858375254854,0.005873900022526952,0.00035124027221857315,0.006982579302931059,8.185498108929017e-06,3.636569063634495e-05,0.024708004492418844
250,22034.0,False,22,c3171_00000,2026-02-27_11-07-13,1772208433,146.9564003944397,4113.117132425308,14660,David_Laptop,127.0.0.1,4113.117132425308,22,41.130959168973746,2.069097605082558e-05,0.5922046243426233,0.013189546782638142,0.002663515265228461,0.3878907314366346,0.14246164000814554,0.028246944208776586,0.0038083166105553385,1002.0,0.0031319997478379963,22034.0,0.00015120745673642298,2.000034962857927,2.000034962857927,178.0,5218.0,0.0013445210984629286,2.0,0.0003140500048175454,0.588744761412096,69,-68.9064529761672,-188.16607031971216,419,-108.5991530700773,0.004687908012419939,189.88,6.799813280864779,45216,181.83,500000,1.0,2,0,21835.83,0.6798825749814482,182,0,0,7113309,0,22034,1002,10438000,423233,0,2,0,2,16.394146341463415,91.53658536585364,0.00022016287636328203,22034.0,0.00039688962915175444,22034.0,1002.0,1002.0,-108.5991530700773,-108.5991530700773,45216,0,0,181.83,0,45216,182,21835.83,7113309,500000,1.0,0,10438000,0,0.6798825749814482,0,22034,182,500000,1002,2,0,21835.83,0,2,0,1002,22034,7113309,10438000,423233,423233,1.0,0.6798825749814482,0,2000.0,0.0024327303,69125,0.0008745448,21561.0,-19.639227,5219.0,-70.71078,0.001,3.3668947,42,500000,10438000,4.3808618,0.0024327303,3379.8789250096625,2000.0,2000.0,10438000,69125,500000,0,500000,10438000,3379.9658649805865,3379.869332623315,0.07619136803211361,2.3802949014526625e-05,3.2450619469233132e-06,3.562529188392496e-05,4.145233029309296e-06,7.76998053930472e-05,7.592058892492534e-05,3.658834649281708e-06,7.39661991283946e-06,9.487465697786046e-05,3.0205969330933093e-05,7.446466811771973e-05,0.037529954435945694,0.00584524512942746,0.00033976724006660124,0.00706548679881385,9.773158554652702e-06,3.977358851784244e-05,0.025121188345349453
250,23037.0,False,23,c3171_00000,2026-02-27_11-09-41,1772208581,148.79092407226562,4261.908056497574,14660,David_Laptop,127.0.0.1,4261.908056497574,23,42.20748774828507,2.214719747606083e-05,0.5963598848169154,0.013307129425033431,0.0026582234717878995,0.39073433905410015,0.1433815937174047,0.028381963672659445,0.0038327390193625276,1003.0,0.0031325648951582704,23037.0,0.00015412609628255884,2.000050895757366,2.000050895757366,181.0,5468.0,0.0013320393147089591,3.0,0.0003140500048175454,0.5931905826665818,69,-68.9064529761672,-188.16607031971216,419,-111.82818064384162,0.00452767800539732,207.66,6.805804374865869,45916,184.31,500000,1.0,3,0,22838.31,0.6880013685485727,185,0,0,7542229,0,23037,1003,10938000,428920,0,2,0,2,17.673076923076923,90.21346153846153,0.00021431636145185387,23037.0,0.0004042393364897596,23037.0,1003.0,1003.0,-111.82818064384162,-111.82818064384162,45916,0,0,184.31,0,45916,185,22838.31,7542229,500000,1.0,0,10938000,0,0.6880013685485727,0,23037,185,500000,1003,3,0,22838.31,0,3,0,1003,23037,7542229,10938000,428920,428920,1.0,0.6880013685485727,0,2000.0,0.002315868,69125,0.00086367823,22564.0,-20.259756,5469.0,-73.22164,0.001,3.338417,44,500000,10938000,4.220117,0.002315868,3378.1241792561386,2000.0,2000.0,10938000,69125,500000,0,500000,10938000,3378.0538671684058,3378.181642077304,0.0767236441034906,1.797664477211313e-05,3.1195826594871626e-06,3.670455253593235e-05,4.270646077648996e-06,7.503778323722277e-05,7.866109921558094e-05,3.028434255443369e-06,7.409770352945218e-06,9.303669215510002e-05,3.190162745940597e-05,7.536357821235922e-05,0.038163060669448634,0.005842465933453796,0.0003216591301528873,0.006990402668464761,8.32874709177206e-06,3.6728005706233776e-05,0.025136182619460174
250,24040.0,False,24,c3171_00000,2026-02-27_11-12-08,1772208728,146.97064089775085,4408.878697395325,14660,David_Laptop,127.0.0.1,4408.878697395325,24,43.254999168802286,2.2209749394195302e-05,0.5885339593244411,0.012985592203747275,0.0025844460720187146,0.38584934626956324,0.14104991633946934,0.028279193624776145,0.0038632926448477142,1003.0,0.0030575231318595063,24040.0,0.00015113838356635916,2.0000461685314432,2.0000461685314432,184.0,5718.0,0.0013251810072568127,3.0,0.0003140500048175454,0.5852823122469003,69,-68.9064529761672,-188.16607031971216,419,-114.99447502471507,0.004367714012041688,224.94,6.905468413289492,46597,187.87,500000,1.0,3,0,23841.87,0.6957727879417307,188,0,0,7975094,0,24040,1003,11438000,432865,0,2,0,2,18.663725490196082,90.46764705882353,0.000209654413465589,24040.0,0.00039346314375172465,24040.0,1003.0,1003.0,-114.99447502471507,-114.99447502471507,46597,0,0,187.87,0,46597,188,23841.87,7975094,500000,1.0,0,11438000,0,0.6957727879417307,0,24040,188,500000,1003,3,0,23841.87,0,3,0,1003,24040,7975094,11438000,432865,432865,1.0,0.6957727879417307,0,2000.0,0.0019157397,69125,0.0012237083,23567.0,-20.383879,5719.0,-72.27993,0.001,3.8619242,46,500000,11438000,3.4450898,0.0019157397,3435.0030842887936,2000.0,2000.0,11438000,69125,500000,0,500000,11438000,3434.9883943265027,3435.0917064687646,0.07524778196634453,1.6293605067208496e-05,2.7009237699138956e-06,3.542000787933432e-05,4.1162477905080525e-06,7.225549161962445e-05,7.645469751998288e-05,2.8813627318662717e-06,7.291878492667598e-06,9.312595883669079e-05,3.045986662178595e-05,7.328155723222022e-05,0.0371094645312505,0.005847919111577089,0.000324267247164187,0.006861894829922665,8.149753370168334e-06,4.060124438007671e-05,0.02483339321189259
250,25042.0,False,25,c3171_00000,2026-02-27_11-14-35,1772208875,146.93796348571777,4555.8166608810425,14660,David_Laptop,127.0.0.1,4555.8166608810425,25,44.29169694011283,2.1014720692414403e-05,0.5884263641688113,0.012847296287122438,0.0025636629530963254,0.38603958013555806,0.14080698295705318,0.028394605443511692,0.003743230436304868,1002.0,0.0030980156590280717,25042.0,0.00015283805215352477,2.000062677804409,2.000062677804409,186.0,5968.0,0.0013376472545188825,2.0,0.0003140500048175454,0.5851612429830908,69,-69.09481100738049,-201.59317360073328,432,-120.09982676722109,0.004247892019338906,239.3,6.92265912371698,47023,189.22,500000,1.0,2,0,24843.22,0.7031720757593207,190,0,0,8411576,0,25042,1002,11938000,436482,0,2,0,2,17.87378640776699,89.85728155339808,0.0002040816783535005,25042.0,0.00039246332933190627,25042.0,1002.0,1002.0,-120.09982676722109,-120.09982676722109,47023,0,0,189.22,0,47023,190,24843.22,8411576,500000,1.0,0,11938000,0,0.7031720757593207,0,25042,190,500000,1002,2,0,24843.22,0,2,0,1002,25042,8411576,11938000,436482,436482,1.0,0.7031720757593207,0,2000.0,0.001760877,69125,0.0024039575,24568.0,-20.145681,5969.0,-77.74194,0.001,4.312878,48,500000,11938000,3.159646,0.001760877,3434.2905830978016,2000.0,2000.0,11938000,69125,500000,0,500000,11938000,3434.268638694508,3434.3125081013504,0.07506428562670527,1.647214028608812e-05,2.8906876437572816e-06,3.49688257283505e-05,4.2739744971104304e-06,7.424513627510976e-05,7.630114257675073e-05,2.930515111067457e-06,7.467305863113485e-06,9.146568139189142e-05,3.0405345892591876e-05,7.499013596050713e-05,0.037059718694273186,0.005853681583764663,0.0003338024824810852,0.006907594995867961,9.075863418456678e-06,3.8140007178067084e-05,0.02463770146937003
250,26044.0,False,26,c3171_00000,2026-02-27_11-17-05,1772209025,149.48629355430603,4705.3029544353485,14660,David_Laptop,127.0.0.1,4705.3029544353485,26,45.343530156711715,2.4720138783497678e-05,0.5984458286812117,0.012312286278300028,0.002596222587296131,0.39207613092104376,0.14460735693018933,0.028619742996311533,0.004176091360870275,1002.0,0.0031117737786476945,26044.0,0.00016261140738480715,2.0000224655153582,2.0000224655153582,188.0,6218.0,0.0013317420109442634,2.0,0.0003140500048175454,0.595290052847195,69,-69.09481100738049,-201.59317360073328,432,-124.84198850788177,0.004145726021379232,252.92,6.749612772115508,47748,192.0,500000,1.0,2,0,25846.0,0.7102786181209093,192,0,0,8851508,0,26044,1002,12438000,439932,0,2,0,2,22.192822966507173,89.89760765550238,0.00021029762837779259,26044.0,0.000405744518573175,26044.0,1002.0,1002.0,-124.84198850788177,-124.84198850788177,47748,0,0,192.0,0,47748,192,25846.0,8851508,500000,1.0,0,12438000,0,0.7102786181209093,0,26044,192,500000,1002,2,0,25846.0,0,2,0,1002,26044,8851508,12438000,439932,439932,1.0,0.7102786181209093,0,2000.0,0.0018032282,69125,0.0020292308,25572.0,-20.51382,6219.0,-79.43972,0.001,5.044492,50,500000,12438000,3.3238745,0.0018032282,3361.4055876055822,2000.0,2000.0,12438000,69125,500000,0,500000,12438000,3361.444460807777,3361.36138518343,0.07718972329333297,1.695609455388354e-05,3.4906677427668617e-06,3.480025136652045e-05,4.272517996487986e-06,7.698302318273742e-05,7.872928172406321e-05,2.9571893862808427e-06,8.016088166545419e-06,9.331890610841026e-05,3.0462699543145416e-05,7.765323638177411e-05,0.038324794124526634,0.0060827643590424234,0.00034790721367970365,0.006917067979149136,8.43488730669673e-06,3.846598287216332e-05,0.02521843100557002
250,27047.0,False,27,c3171_00000,2026-02-27_11-19-33,1772209173,147.5818133354187,4852.884767770767,14660,David_Laptop,127.0.0.1,4852.884767770767,27,46.36573500614471,2.1082788794257446e-05,0.5907936755288222,0.012288201809528023,0.0025905095089755145,0.3866094235956002,0.14296491105386852,0.028751656198047676,0.0036956943311357146,1003.0,0.0030930180794774753,27047.0,0.00015364310426935435,2.0000738893161323,2.0000738893161323,191.0,6468.0,0.0013231055374586017,3.0,0.0003140500048175454,0.5873609581808718,69,-69.09481100738049,-201.59317360073328,432,-131.6118026124686,0.004020526022650302,273.68,6.869125765696388,48157,194.08,500000,1.0,3,0,26848.08,0.7170616566993675,195,0,0,9294288,0,27047,1003,12938000,442780,0,2,0,2,19.25458937198068,90.13526570048309,0.0002045802590046819,27047.0,0.0004114496086196954,27047.0,1003.0,1003.0,-131.6118026124686,-131.6118026124686,48157,0,0,194.08,0,48157,195,26848.08,9294288,500000,1.0,0,12938000,0,0.7170616566993675,0,27047,195,500000,1003,3,0,26848.08,0,3,0,1003,27047,9294288,12938000,442780,442780,1.0,0.7170616566993675,0,2000.0,0.0015324417,69125,0.0037087137,26573.0,-20.628141,6469.0,-81.52882,0.001,3.981918,52,500000,12938000,2.718686,0.0015324417,3396.951691387886,2000.0,2000.0,12938000,69125,500000,0,500000,12938000,3396.731599920867,3396.990616279635,0.07642359054916893,1.5972525191915075e-05,2.7651337534461585e-06,3.6701887155327614e-05,4.3042534230071716e-06,7.486315213911565e-05,7.795141761049809e-05,2.8606265702892658e-06,8.296267577767863e-06,9.539297146781465e-05,3.0529417471877914e-05,8.726820701151727e-05,0.03790279493009045,0.005888523850845486,0.00034523876747294326,0.00679441425120521,7.83498541497561e-06,3.61419731101201e-05,0.02522059682711661
250,28048.0,False,28,c3171_00000,2026-02-27_11-21-59,1772209319,146.85316920280457,4999.737936973572,14660,David_Laptop,127.0.0.1,4999.737936973572,28,47.370503726082376,1.950909312198605e-05,0.5887412280468307,0.01312590737789089,0.002571460645085667,0.3858731644166169,0.14080524275764833,0.028467683804268874,0.0038534422726198506,1001.0,0.0030326134422943205,28048.0,0.00015063662231580913,2.0000110791458257,2.0000110791458257,192.0,6718.0,0.001301736098136374,1.0,0.0003140500048175454,0.5853886477429446,69,-69.09481100738049,-201.59317360073328,432,-133.80613854162394,0.003922310019843281,280.66,6.894687978763448,48838,196.0,500000,1.0,1,0,27850.0,0.7235457843098356,196,0,0,9739787,0,28048,1001,13438000,445499,0,2,0,2,14.966829268292685,90.15317073170732,0.00020160312501660984,28048.0,0.00039636565103383343,28048.0,1001.0,1001.0,-133.80613854162394,-133.80613854162394,48838,0,0,196.0,0,48838,196,27850.0,9739787,500000,1.0,0,13438000,0,0.7235457843098356,0,28048,196,500000,1001,1,0,27850.0,0,1,0,1001,28048,9739787,13438000,445499,445499,1.0,0.7235457843098356,0,2000.0,0.0012560294,69125,0.00492178,27576.0,-20.132145,6719.0,-83.69744,0.001,3.0137465,54,500000,13438000,2.2495787,0.0012560294,3429.1357583543127,2000.0,2000.0,13438000,69125,500000,0,500000,13438000,3429.271852356809,3429.1637920661683,0.07506737281989029,1.565556114810136e-05,2.7139059241427567e-06,3.365415043943074e-05,4.726502634455748e-06,7.318859174293722e-05,7.680309832216962e-05,2.907826424023798e-06,7.598815613120947e-06,9.199826847104811e-05,3.0715501123769915e-05,7.26978017762635e-05,0.037508609831323814,0.005867660255679821,0.0003465202569595212,0.006805343321794624,7.94275350691077e-06,3.685471284207113e-05,0.02427600634050434
249,29048.0,False,29,c3171_00000,2026-02-27_11-24-26,1772209466,146.089857339859,5145.827794313431,14660,David_Laptop,127.0.0.1,5145.827794313431,29,48.35758134682064,2.079105647603952e-05,0.5864916937894147,0.01278498884933347,0.002576111054677467,0.3841647212258177,0.14113567674559635,0.028183587946089023,0.0036401389524868323,1000.0,0.0030537928250684017,29048.0,0.0001502885897813258,2.000069637957207,2.000069637957207,196.0,6967.0,0.0013150342319823024,4.0,0.0003140500048175454,0.5843848883231055,72,-70.16431628167629,-201.59317360073328,433,-142.47374942496418,0.0037508740182965994,308.9,6.757207596365588,49166,199.28,498000,1.0,4,0,28849.28,0.7297269350225107,200,0,0,10186334,0,29048,1000,13936000,446547,0,2,0,2,15.908823529411766,89.87941176470585,0.00019887122784773223,29048.0,0.0003854993440253622,29048.0,1000.0,1000.0,-142.47374942496418,-142.47374942496418,49166,0,0,199.28,0,49166,200,28849.28,10186334,498000,1.0,0,13936000,0,0.7297269350225107,0,29048,200,498000,1000,4,0,28849.28,0,4,0,1000,29048,10186334,13936000,446547,446547,1.0,0.7297269350225107,0,2000.0,0.001087544,69125,0.0014620982,28578.0,-20.626215,6968.0,-85.05835,0.001,4.1614046,56,498000,13936000,1.9129602,0.001087544,3397.314007775979,2000.0,2000.0,13936000,69125,498000,0,498000,13936000,3397.5295859321436,3397.128323201014,0.075883110725781,1.5641679298822398e-05,2.700192521595999e-06,3.4412993032312096e-05,4.029313704459821e-06,7.241825004479352e-05,7.490299520819928e-05,2.9889771176764697e-06,7.324813569891298e-06,8.978811948460758e-05,2.957531699678705e-05,7.143385003923875e-05,0.037837862311533466,0.006091317573960928,0.0003401718095323584,0.00684547098624798,7.946281279166528e-06,3.7345634985322484e-05,0.02449412413569221
250,30049.0,False,30,c3171_00000,2026-02-27_11-26-55,1772209615,148.92739725112915,5294.75519156456,14660,David_Laptop,127.0.0.1,5294.75519156456,30,49.36316992235177,2.1051211431049025e-05,0.5969479641914325,0.012779509291909517,0.002604693883994824,0.38998745570974724,0.1451531054603829,0.02867002975740948,0.00370882470615453,1001.0,0.003090557896192399,30049.0,0.0001500944669702751,2.0000349748272446,2.0000349748272446,197.0,7217.0,0.0013325368892464153,1.0,0.0003140500048175454,0.5947446750014276,72,-70.16431628167629,-201.59317360073328,435,-143.9264721275866,0.0037335160141810774,314.06,6.688352468470849,49832,200.54,500000,1.0,1,0,29850.54,0.7357448226431247,201,0,0,10637958,0,30049,1001,14436000,451624,0,2,0,2,19.332057416267943,91.59186602870813,0.00020435126230330995,30049.0,0.0003939385845906335,30049.0,1001.0,1001.0,-143.9264721275866,-143.9264721275866,49832,0,0,200.54,0,49832,201,29850.54,10637958,500000,1.0,0,14436000,0,0.7357448226431247,0,30049,201,500000,1001,1,0,29850.54,0,1,0,1001,30049,10637958,14436000,451624,451624,1.0,0.7357448226431247,0,2000.0,0.0011899323,69125,0.0058944444,29580.0,-20.02099,7218.0,-89.184616,0.001,4.0615764,58,500000,14436000,2.1075163,0.0011899323,3355.200832136121,2000.0,2000.0,14436000,69125,500000,0,500000,14436000,3355.0897484116767,3355.212623772912,0.07745024807625221,1.6407841619791193e-05,2.6982776669146204e-06,3.359721258758074e-05,4.205921117176612e-06,7.754301468611349e-05,7.777071199852831e-05,2.8980499947116185e-06,7.676835954573053e-06,9.200376479079541e-05,3.0155919374985293e-05,7.228957045046174e-05,0.03881739647538636,0.006087950195085613,0.000348645240787134,0.006885885116738297,7.90419428580981e-06,3.9606984109226015e-05,0.025027761658420525
250,31052.0,False,31,c3171_00000,2026-02-27_11-29-28,1772209768,152.98691296577454,5447.7421045303345,14660,David_Laptop,127.0.0.1,5447.7421045303345,31,50.39929521812773,2.9358049703449126e-05,0.6085937570019275,0.013013228954522468,0.002664012801570589,0.39702375375652527,0.14796936655464102,0.029139759975954443,0.004415881006468743,1003.0,0.003178698164276916,31052.0,0.00015403758553656508,2.0000358114427286,2.0000358114427286,200.0,7467.0,0.0013660045504309292,3.0,0.0003140500048175454,0.6068658826895021,72,-70.16431628167629,-201.59317360073328,435,-149.7426739925146,0.0036746640130877494,333.12,6.7202388736181025,50466,204.0,500000,1.0,3,0,30854.0,0.7415231234990669,204,0,0,11092182,0,31052,1003,14936000,454224,0,2,0,2,21.70981308411215,92.6785046728972,0.0002133098603367372,31052.0,0.0004079802265337842,31052.0,1003.0,1003.0,-149.7426739925146,-149.7426739925146,50466,0,0,204.0,0,50466,204,30854.0,11092182,500000,1.0,0,14936000,0,0.7415231234990669,0,31052,204,500000,1003,3,0,30854.0,0,3,0,1003,31052,11092182,14936000,454224,454224,1.0,0.7415231234990669,0,2000.0,0.0011241627,69125,0.004104906,30583.0,-19.880173,7468.0,-94.05104,0.001,3.9476137,60,500000,14936000,2.0009325,0.0011241627,3385.0263358822717,2000.0,2000.0,14936000,69125,500000,0,500000,14936000,3385.1102975823496,3385.027564842655,0.07965178335417737,1.940781036817536e-05,2.715924855743068e-06,3.489540067227718e-05,4.106647219286514e-06,7.939334197312552e-05,7.909636575350786e-05,2.9575455092527265e-06,7.461804673752611e-06,9.951074439908572e-05,3.076620802664883e-05,7.720801519592389e-05,0.03925985913487102,0.006381906178649131,0.0003408636215321153,0.0069373592989812275,8.918505899863686e-06,4.004463316845876e-05,0.026422556134602083
250,32054.0,False,32,c3171_00000,2026-02-27_11-32-10,1772209930,162.07394981384277,5609.816054344177,14660,David_Laptop,127.0.0.1,5609.816054344177,32,51.515938533946105,2.4522492796136485e-05,0.6469323954801769,0.014550937494486839,0.0027597288017855762,0.4240844858805524,0.1556361890675699,0.030455781973544774,0.004698363598879048,1002.0,0.0032307451543496088,32054.0,0.00015909440051927338,2.0000509569157905,2.0000509569157905,202.0,7717.0,0.0013761814841229416,2.0,0.0003140500048175454,0.6454141480235226,164,-104.25269020348787,-201.59317360073328,435,-154.32107134148478,0.003774942010641098,347.48,6.299921697410825,50813,205.42,500000,1.0,2,0,31855.42,0.7471423461743718,206,0,0,11549741,0,32054,1002,15436000,457559,0,2,0,2,25.77477876106195,93.5407079646018,0.00021694221530804098,32054.0,0.00042560139212022963,32054.0,1002.0,1002.0,-154.32107134148478,-154.32107134148478,50813,0,0,205.42,0,50813,206,31855.42,11549741,500000,1.0,0,15436000,0,0.7471423461743718,0,32054,206,500000,1002,2,0,31855.42,0,2,0,1002,32054,11549741,15436000,457559,457559,1.0,0.7471423461743718,0,2000.0,0.0009890879,69125,0.0026754334,31585.0,-19.690647,7718.0,-98.00844,0.001,3.8952727,62,500000,15436000,1.703566,0.0009890879,3181.8272717443315,2000.0,2000.0,15436000,69125,500000,0,500000,15436000,3181.7034924949266,3181.8637137613878,0.08277018325320824,1.7677732840183652e-05,2.8341220986316693e-06,3.788705421536417e-05,4.5017809148279856e-06,8.178253142244137e-05,8.072047177774456e-05,3.508238762103207e-06,7.678115927429362e-06,0.0001038100759845238,3.898665829459815e-05,7.81216394473157e-05,0.0412344927702685,0.006466739706396419,0.00037426285766439143,0.00747065418097573,8.5486868341509e-06,5.0336827173452056e-05,0.026834165930251855
