num_training_step_calls_per_iteration,num_env_steps_sampled_lifetime,done,training_iteration,trial_id,date,timestamp,time_this_iter_s,time_total_s,pid,hostname,node_ip,time_since_restore,iterations_since_restore,timers/training_iteration,timers/restore_env_runners,timers/training_step,timers/env_runner_sampling_timer,timers/replay_buffer_add_data_timer,timers/replay_buffer_sampling_timer,timers/learner_update_timer,timers/replay_buffer_update_prios_timer,timers/synch_weights,env_runners/env_step_timer,env_runners/num_env_steps_sampled,env_runners/num_env_steps_sampled_lifetime,env_runners/env_reset_timer,env_runners/num_episodes_lifetime,env_runners/num_episodes,env_runners/rlmodule_inference_timer,env_runners/env_to_module_sum_episodes_length_out,env_runners/sample,env_runners/env_to_module_sum_episodes_length_in,env_runners/weights_seq_no,env_runners/time_between_sampling,env_runners/episode_return_mean,env_runners/episode_duration_sec_mean,env_runners/episode_return_max,env_runners/episode_len_mean,env_runners/episode_return_min,env_runners/episode_len_min,env_runners/episode_len_max,env_runners/num_env_steps_sampled_lifetime_throughput,replay_buffer/num_env_steps_evicted_lifetime,replay_buffer/num_env_steps_stored,replay_buffer/env_step_utilization,replay_buffer/num_episodes_stored,replay_buffer/num_episodes_added_lifetime,replay_buffer/num_env_steps_sampled,replay_buffer/num_env_steps_evicted,replay_buffer/num_resamples,replay_buffer/num_env_steps_per_sample,replay_buffer/num_episodes_added,replay_buffer/num_episodes_evicted_lifetime,replay_buffer/num_episodes_evicted,replay_buffer/num_env_steps_added_lifetime,replay_buffer/num_env_steps_per_sample_lifetime,replay_buffer/actual_n_step,replay_buffer/num_episodes_per_sample,replay_buffer/num_env_steps_added,replay_buffer/num_env_steps_sampled_lifetime,fault_tolerance/num_healthy_workers,fault_tolerance/num_remote_worker_restarts,env_runner_group/actor_manager_num_outstanding_async_reqs,perf/cpu_util_percent,perf/ram_util_percent,env_runners/module_to_env_connector/connector_pipeline_timer,env_runners/env_to_module_connector/connector_pipeline_timer,env_runners/num_module_steps_sampled/default_policy,env_runners/num_agent_steps_sampled_lifetime/default_agent,env_runners/num_module_steps_sampled_lifetime/default_policy,env_runners/num_agent_steps_sampled/default_agent,env_runners/module_episode_return_mean/default_policy,env_runners/agent_episode_return_mean/default_agent,replay_buffer/num_module_episodes_added/default_policy,replay_buffer/num_agent_resamples/default_agent,replay_buffer/agent_actual_n_step/default_agent,replay_buffer/num_agent_episodes_added_lifetime/default_agent,replay_buffer/module_actual_n_step/default_policy,replay_buffer/num_agent_steps_evicted/default_agent,replay_buffer/num_module_episodes_evicted/default_policy,replay_buffer/num_module_steps_sampled/default_policy,replay_buffer/module_step_utilization/default_policy,replay_buffer/num_module_episodes_evicted_lifetime/default_policy,replay_buffer/num_agent_steps_added/default_agent,replay_buffer/num_agent_episodes_evicted_lifetime/default_agent,replay_buffer/num_module_steps_added/default_policy,replay_buffer/num_module_steps_added_lifetime/default_policy,replay_buffer/num_agent_steps_stored/default_agent,replay_buffer/num_agent_steps_evicted_lifetime/default_agent,replay_buffer/num_agent_episodes_added/default_agent,replay_buffer/num_agent_steps_per_sample_lifetime/default_agent,replay_buffer/num_module_resamples/default_policy,replay_buffer/num_agent_steps_sampled/default_agent,replay_buffer/num_agent_steps_added_lifetime/default_agent,replay_buffer/agent_step_utilization/default_agent,replay_buffer/num_module_steps_evicted_lifetime/default_policy,replay_buffer/num_agent_steps_sampled_lifetime/default_agent,replay_buffer/num_agent_episodes_evicted/default_agent,replay_buffer/num_agent_steps_per_sample/default_agent,replay_buffer/num_agent_episodes_per_sample/default_agent,replay_buffer/num_module_episodes/default_policy,replay_buffer/num_module_episodes_added_lifetime/default_policy,replay_buffer/num_module_steps_evicted/default_policy,replay_buffer/num_agent_episodes/default_agent,replay_buffer/num_module_steps_per_sample/default_policy,replay_buffer/num_module_steps_per_sample_lifetime/default_policy,replay_buffer/num_module_episodes_per_sample/default_policy,replay_buffer/num_module_steps_sampled_lifetime/default_policy,learners/__all_modules__/num_non_trainable_parameters,learners/__all_modules__/learner_connector_sum_episodes_length_out,learners/__all_modules__/num_env_steps_trained_lifetime,learners/__all_modules__/num_trainable_parameters,learners/__all_modules__/learner_connector_sum_episodes_length_in,learners/__all_modules__/num_env_steps_trained,learners/__all_modules__/num_module_steps_trained_lifetime,learners/__all_modules__/num_module_steps_trained,learners/__all_modules__/num_env_steps_trained_lifetime_throughput,learners/__all_modules__/num_module_steps_trained_lifetime_throughput,learners/default_policy/module_train_batch_size_mean,learners/default_policy/total_loss,learners/default_policy/gradients_default_optimizer_global_norm,learners/default_policy/td_error_mean,learners/default_policy/num_trainable_parameters,learners/default_policy/qf_min,learners/default_policy/qf_loss,learners/default_policy/num_target_updates,learners/default_policy/num_module_steps_trained_lifetime,learners/default_policy/num_module_steps_trained,learners/default_policy/qf_mean,learners/default_policy/weights_seq_no,learners/default_policy/last_target_update_ts,learners/default_policy/default_optimizer_learning_rate,learners/default_policy/qf_max,learners/default_policy/num_module_steps_trained_lifetime_throughput,learners/__all_modules__/learner_connector/connector_pipeline_timer,env_runners/module_to_env_connector/timers/connectors/un_batch_to_individual_items,env_runners/module_to_env_connector/timers/connectors/get_actions,env_runners/module_to_env_connector/timers/connectors/tensor_to_numpy,env_runners/module_to_env_connector/timers/connectors/listify_data_for_vector_env,env_runners/module_to_env_connector/timers/connectors/remove_single_ts_time_rank_from_batch,env_runners/module_to_env_connector/timers/connectors/normalize_and_clip_actions,env_runners/env_to_module_connector/timers/connectors/numpy_to_tensor,env_runners/env_to_module_connector/timers/connectors/add_states_from_episodes_to_batch,env_runners/env_to_module_connector/timers/connectors/add_observations_from_episodes_to_batch,env_runners/env_to_module_connector/timers/connectors/add_time_dim_to_batch_and_zero_pad,env_runners/env_to_module_connector/timers/connectors/batch_individual_items,learners/__all_modules__/learner_connector/timers/connectors/add_next_observations_from_episodes_to_train_batch,learners/__all_modules__/learner_connector/timers/connectors/numpy_to_tensor,learners/__all_modules__/learner_connector/timers/connectors/add_columns_from_episodes_to_train_batch,learners/__all_modules__/learner_connector/timers/connectors/add_states_from_episodes_to_batch,learners/__all_modules__/learner_connector/timers/connectors/add_observations_from_episodes_to_batch,learners/__all_modules__/learner_connector/timers/connectors/add_time_dim_to_batch_and_zero_pad,learners/__all_modules__/learner_connector/timers/connectors/batch_individual_items
249,1003.0,False,1,8e1d2_00000,2025-12-16_21-10-47,1765937447,5.257347583770752,5.257347583770752,10364,David_Laptop,127.0.0.1,5.257347583770752,1,5.247199599980377,1.491974187742481e-05,0.025749017834769513,0.012701190096669153,0.0027856959482580133,0.33138139999937266,0.17419259995222092,0.028462800080887973,0.004289899952709675,0.00016151783537039343,1003.0,1003.0,0.0004101999220438301,7.0,7.0,0.002308560578054748,1.8419920723189018,0.004412019456286957,1.8419920723189018,0.0,0.015995693739214785,-101.80355512031487,0.012281457128535424,-70.9510091766715,71.0,-116.87892882525921,45,121,223.85824370042954,0,804.04,0.442,10.04,11,2000,0,0,884,11,0,0,1003,884,1.0,11,1003,2000,2,0,2,33.675,95.0625,0.0004162286042176842,0.0002529186831793156,1003.0,1003.0,1003.0,1003.0,-101.80355512031487,-101.80355512031487,1003,0,1.0,11,1.0,0,0,2000,0.442,0,1003,0,11,11,804.04,0,11,884,0,2000,1003,0.442,0,2000,0,884,11,804.04,1003,0,10.04,884,884,11,2000,0,2000,2000,69125,2000,2000,2000,2000,nan,nan,2000,0.72616345,0.8101249,0.8875893,69125,-0.5227803,0.72616345,1,2000,2000,-0.21355535,1.0,1003.0,0.001,0.11028085,nan,0.07599359995219857,2.601886310356226e-05,6.2701180600164555e-06,0.00010882651702810928,7.155518290508455e-05,2.8722393886459244e-06,8.407636067248942e-05,9.335613043752469e-05,2.7666246112523865e-06,1.7108496888127215e-05,7.022924432209858e-06,3.6907898212646335e-05,0.006262399954721332,0.0006371999625116587,0.023093099938705564,1.0899966582655907e-05,0.006250199978239834,5.710008554160595e-05,0.0391245000064373
247,2003.0,False,2,8e1d2_00000,2025-12-16_21-14-57,1765937697,250.47496247291565,255.7323100566864,10364,David_Laptop,127.0.0.1,255.7323100566864,2,7.69936753698159,4.962067883769558e-05,0.8863628984776998,0.018068003262555154,0.004415201277769407,0.5714577123990698,0.270689087960634,0.042504837213464555,0.005737481414905415,0.00023201114169404686,1000.0,2003.0,0.0004101999220438301,19.0,12.0,0.001999156398066336,1.9877990169485038,0.004806426378562689,1.9877990169485038,247.0,0.885206116131857,-103.39960208182272,0.007927389429441016,-68.19255151599646,96.89473684210526,-143.5107418447733,35,205,6.913335598221487,0,1802.32,0.3850715348852606,20.32,23,494000,0,0,193702,12,0,0,2003,194586,1.0,4173,1000,496000,2,0,2,18.585014409221902,91.54005763688761,0.0006018293031595256,0.0003203957833691911,1000.0,2003.0,2003.0,1000.0,-103.39960208182272,-103.39960208182272,1000,0,1.0,23,1.0,0,0,494000,0.3850715348852606,0,1000,0,12,23,1802.32,0,12,194586,0,494000,2003,0.3850715348852606,0,496000,0,193702,4173,1802.32,2003,0,20.32,193702,194586,4173,496000,0,2000.0,496000,69125,2000.0,494000,496000,494000,3419.3336601208725,3419.4580535987643,2000.0,0.2749435,0.004479092,22.871847,69125,-3.2530975,0.2749435,2,496000,494000,-1.7726017,248.0,1504.0,0.001,-0.7115757,3419.3899843402705,0.16254821244997048,4.39693362858357e-05,9.332414252785127e-06,0.0001331575821717345,0.0001236656609100065,4.838026311403075e-06,0.00011431019020910206,0.0001143964360707638,4.075160097178023e-06,2.5555100917395878e-05,7.186335994791236e-06,5.3557861985215e-05,0.01025304850956252,0.0005780001887413671,0.04058626495057889,1.692319975109161e-05,0.011481481606082521,6.44610178833863e-05,0.0991045361339101
246,3004.0,False,3,8e1d2_00000,2025-12-16_21-17-17,1765937837,139.60726284980774,395.33957290649414,10364,David_Laptop,127.0.0.1,395.33957290649414,3,9.018223352612182,2.1959188099431827e-05,0.5911134245883343,0.014460810177508355,0.0026826575028765253,0.3597021009905083,0.17403817845084993,0.027295227385198288,0.004380990548128451,0.00015332490606738498,1001.0,3004.0,0.0004101999220438301,36.0,17.0,0.0013146413411847086,1.9993641162863731,0.0032080503604768693,1.9993641162863731,493.0,0.5881106182348815,-102.41088527544505,0.0058248333031466855,-68.19255151599646,79.94444444444444,-143.5107418447733,32,205,7.40759622429148,0,2802.53,0.41625020405997776,36.53,40,492000,0,0,221194,17,0,0,3004,415780,1.0,7808,1001,988000,2,0,2,14.113846153846152,93.37179487179488,0.0004001496771261444,0.0002098734711445414,1001.0,3004.0,3004.0,1001.0,-102.41088527544505,-102.41088527544505,1001,0,1.0,40,1.0,0,0,492000,0.41625020405997776,0,1001,0,17,40,2802.53,0,17,415780,0,492000,3004,0.41625020405997776,0,988000,0,221194,7808,2802.53,3004,0,36.53,221194,415780,7808,988000,0,2000.0,988000,69125,2000.0,492000,988000,492000,3597.6234706519026,3597.1778472770516,2000.0,0.3472207,0.062057693,29.026188,69125,-7.0721593,0.3472207,4,988000,492000,-3.2792952,494.0,2507.0,0.001,-0.87749517,3597.284151869316,0.1072856830304334,3.0099134935297583e-05,7.124325252358624e-06,9.014883048363842e-05,7.926243257361593e-05,3.408785821229321e-06,7.450027417977835e-05,7.262817193017456e-05,2.7004866902165215e-06,1.940060874044449e-05,4.492142645234286e-06,3.4844054278228356e-05,0.006150468334234431,0.0003666077156867862,0.025193795673099272,9.712884093298788e-06,0.0071347043036648315,3.754141726614077e-05,0.0681562342477041
245,4004.0,False,4,8e1d2_00000,2025-12-16_21-20-33,1765938033,195.8353292942047,591.1749022006989,10364,David_Laptop,127.0.0.1,591.1749022006989,4,10.886256035086204,2.8432349693473483e-05,0.8976681344617571,0.017281024094442096,0.004355711633150234,0.5484239080046253,0.26153949399751947,0.04077253845595613,0.004987780119997891,0.0002235035584724585,1000.0,4004.0,0.0004101999220438301,56.0,20.0,0.0017769887596384261,2.0003661652086855,0.004474447491088032,2.0003661652086855,738.0,0.8904413058584952,-105.6038582649827,0.004193439979571849,-68.19255151599646,71.1,-143.5107418447733,32,205,4.01433263075828,0,3800.82,0.43772764096283096,54.82,60,490000,0,0,235060,20,0,0,4004,650840,1.0,11953,1000,1478000,2,0,2,20.656617647058823,88.85551470588234,0.0005693065926574662,0.00029990473380519465,1000.0,4004.0,4004.0,1000.0,-105.6038582649827,-105.6038582649827,1000,0,1.0,60,1.0,0,0,490000,0.43772764096283096,0,1000,0,20,60,3800.82,0,20,650840,0,490000,4004,0.43772764096283096,0,1478000,0,235060,11953,3800.82,4004,0,54.82,235060,650840,11953,1478000,0,2000.0,1478000,69125,2000.0,490000,1478000,490000,1935.7698400422614,1935.7870731805037,2000.0,0.38443366,0.014716587,31.921106,69125,-14.208873,0.38443366,6,1478000,490000,-5.336887,739.0,3508.0,0.001,-0.60975564,1935.7673601537913,0.15941232410781134,4.14189916778118e-05,1.139436907535473e-05,0.00012489296113472867,0.00011671518229877202,4.48718954781512e-06,0.00010689441906072515,0.00010644994153904655,3.9392844037873036e-06,2.5484568022305524e-05,6.381074275684586e-06,5.047970344332311e-05,0.009782511593667944,0.000509769477299522,0.03921303423050486,1.529555974694949e-05,0.010773694694862345,6.471891438140912e-05,0.09861312974472988
246,5005.0,False,5,8e1d2_00000,2025-12-16_21-24-48,1765938288,255.09713792800903,846.2720401287079,10364,David_Laptop,127.0.0.1,846.2720401287079,5,13.328010672735305,3.232811929048648e-05,1.0267034412197351,0.02049332940239226,0.004944087701673529,0.6313748671571746,0.2932481154915028,0.04655152414813113,0.006073057949067799,0.0002814640463250076,1001.0,5005.0,0.0004101999220438301,73.0,17.0,0.0019300158483031528,2.000307349006353,0.0049354643194893764,2.000307349006353,984.0,1.0218049232887032,-102.3081174558401,0.004571163996588439,-68.14326582849026,54.94,-124.68616635352373,32,87,3.946254949066485,0,4804.37,0.44832869154993493,74.37,77,492000,0,0,234703,17,0,0,5005,885543,1.0,16994,1001,1970000,2,0,2,18.35775862068965,88.49425287356321,0.0006193741392316956,0.0003375129956043722,1001.0,5005.0,5005.0,1001.0,-102.3081174558401,-102.3081174558401,1001,0,1.0,77,1.0,0,0,492000,0.44832869154993493,0,1001,0,17,77,4804.37,0,17,885543,0,492000,5005,0.44832869154993493,0,1970000,0,234703,16994,4804.37,5005,0,74.37,234703,885543,16994,1970000,0,2000.0,1970000,69125,2000.0,492000,1970000,492000,1952.101166809424,1952.0813706365975,2000.0,0.35437253,0.041793104,28.331856,69125,-31.806786,0.35437253,8,1970000,492000,-9.889813,985.0,4509.0,0.001,-0.8955765,1952.0722614159195,0.17593208739544366,4.548306758032958e-05,1.0920188035739144e-05,0.00013628754593850853,0.000124487200405275,4.965034106244859e-06,0.00011669801193843463,0.00011754936618744259,4.338073880034267e-06,2.729245515884681e-05,7.801762337620563e-06,5.861912751206554e-05,0.011047004760560211,0.0005682837970184703,0.04537986543423818,1.8362056994968384e-05,0.012519786214364996,7.234970297248444e-05,0.10581012196950293
247,6007.0,False,6,8e1d2_00000,2025-12-16_21-29-04,1765938544,256.0482358932495,1102.3202760219574,10364,David_Laptop,127.0.0.1,1102.3202760219574,6,15.755048032007348,3.192952236597419e-05,1.0451235779474723,0.0195690023399766,0.005060676014124401,0.6525671201771396,0.2909540180306815,0.047041437010196516,0.005534706165566718,0.00024934385351399485,1002.0,6007.0,0.0004101999220438301,87.0,14.0,0.0019483109799666625,2.00027850246913,0.0049631193767274715,2.00027850246913,1231.0,1.039606208644488,-91.91962862864136,0.0052100240113213655,87.29873172938824,58.58,-124.68616635352373,36,105,3.8534480332252947,0,5805.74,0.4613706260231038,87.74,91,494000,0,0,258436,14,0,0,6007,1143979,1.0,20861,1002,2464000,2,0,2,18.762824207492798,88.48616714697405,0.0006431274200216651,0.00034662411642519465,1002.0,6007.0,6007.0,1002.0,-91.91962862864136,-91.91962862864136,1002,0,1.0,91,1.0,0,0,494000,0.4613706260231038,0,1002,0,14,91,5805.74,0,14,1143979,0,494000,6007,0.4613706260231038,0,2464000,0,258436,20861,5805.74,6007,0,87.74,258436,1143979,20861,2464000,0,2000.0,2464000,69125,2000.0,494000,2464000,494000,1882.3686477743026,1882.3714966273499,2000.0,0.2992927,0.031469256,23.070656,69125,-54.742195,0.2992927,10,2464000,494000,-13.476309,1232.0,5509.0,0.001,-1.1690819,1882.3793902816685,0.17205895194750168,4.835208450059028e-05,1.0253940182924354e-05,0.00014372552313810183,0.0001254976593614521,5.46918198836867e-06,0.00012205578710699376,0.00011852327822046125,4.475317581417206e-06,2.8690830880605005e-05,7.374428743930654e-06,6.0382286296899686e-05,0.01108345871941861,0.0005745378004790164,0.04521541950874144,1.8737614219749034e-05,0.012586380628320936,7.43405932713863e-05,0.10199317496344189
248,7008.0,False,7,8e1d2_00000,2025-12-16_21-32-01,1765938721,176.23226833343506,1278.5525443553925,10364,David_Laptop,127.0.0.1,1278.5525443553925,7,17.359657274687642,2.2047447187669216e-05,0.6493527429249326,0.0169402609222604,0.0029506136208534515,0.39919567630080954,0.18090902088249727,0.02933237456190754,0.004522272249723274,0.00017347255325538886,1001.0,7008.0,0.0004101999220438301,100.0,13.0,0.001352841833673573,1.9910393184985424,0.003352712259137855,1.9910393184985424,1479.0,0.646808647906296,-82.06235621467232,0.005329254006501288,87.29873172938824,63.62,-120.14714711904526,36,137,7.2401735206151105,0,6808.01,0.4806304777378239,100.93,104,496000,0,0,289041,13,0,0,7008,1433020,1.0,24097,1001,2960000,2,0,2,15.02734693877551,90.60612244897962,0.00042506483050717823,0.00022915390299105428,1001.0,7008.0,7008.0,1001.0,-82.06235621467232,-82.06235621467232,1001,0,1.0,104,1.0,0,0,496000,0.4806304777378239,0,1001,0,13,104,6808.01,0,13,1433020,0,496000,7008,0.4806304777378239,0,2960000,0,289041,24097,6808.01,7008,0,100.93,289041,1433020,24097,2960000,0,2000.0,2960000,69125,2000.0,496000,2960000,496000,3555.0984555245764,3555.0374854085267,2000.0,0.21242532,0.06520694,16.83969,69125,-75.76436,0.21242532,12,2960000,496000,-17.477863,1480.0,6512.0,0.001,-1.3298047,3555.063389744608,0.10829092956607211,3.232342274549456e-05,7.1949814628916144e-06,9.56612025922353e-05,8.442330264456208e-05,3.4296548649724558e-06,8.183482030509177e-05,8.241786464203646e-05,3.5482834024428603e-06,1.9443967069860616e-05,4.751356015230733e-06,3.757170160913599e-05,0.0067233939092275746,0.0004304875774612825,0.02794913938679227,1.0552161995016507e-05,0.00773175302038821,4.064366961626087e-05,0.06513607196024317
248,8011.0,False,8,8e1d2_00000,2025-12-16_21-34-31,1765938871,150.08036375045776,1428.6329081058502,10364,David_Laptop,127.0.0.1,1428.6329081058502,8,18.68669122494091,2.099261859710145e-05,0.6244922379788891,0.01969641923286643,0.002757985856941222,0.38042897630459727,0.1741350113071575,0.02845570670903761,0.00423882086749622,0.00018289176607601674,1003.0,8011.0,0.0004101999220438301,111.0,11.0,0.0013524031646305007,1.9994767210583073,0.0033541321746362227,1.9994767210583073,1727.0,0.6162523036390625,-76.06828513212503,0.004707058002240956,87.29873172938824,71.5,-120.14714711904526,36,185,6.174148271342188,0,7811.31,0.49999792812341437,113.31,115,496000,0,0,309401,11,0,0,8011,1742421,1.0,27327,1003,3456000,2,0,2,17.883732057416267,93.16315789473684,0.0004331233567845706,0.0002126854534543891,1003.0,8011.0,8011.0,1003.0,-76.06828513212503,-76.06828513212503,1003,0,1.0,115,1.0,0,0,496000,0.49999792812341437,0,1003,0,11,115,7811.31,0,11,1742421,0,496000,8011,0.49999792812341437,0,3456000,0,309401,27327,7811.31,8011,0,113.31,309401,1742421,27327,3456000,0,2000.0,3456000,69125,2000.0,496000,3456000,496000,2995.5969830800072,2995.3684198349524,2000.0,0.12903883,0.10105672,10.36174,69125,-89.2396,0.12903883,14,3456000,496000,-17.074478,1728.0,7514.0,0.001,-1.9333526,2995.407454705852,0.10423295372465294,3.187282646604337e-05,6.610708257399579e-06,9.430123847421317e-05,8.074734005772638e-05,1.5875809909633005e-05,7.626991115554957e-05,7.892047731790243e-05,2.7815135036595226e-06,1.7408034504858457e-05,4.645771212542609e-06,3.495328905219268e-05,0.006507218472005056,0.00035945820096198886,0.02695260914473971,1.0954452657363573e-05,0.007344229017788196,4.0272258572521626e-05,0.06277070349406695
247,9012.0,False,9,8e1d2_00000,2025-12-16_21-38-49,1765939129,257.76572728157043,1686.3986353874207,10364,David_Laptop,127.0.0.1,1686.3986353874207,9,21.077305892690937,3.4129919725191004e-05,1.0048866738728708,0.027545481534653214,0.004782372545774586,0.6185757091935111,0.2793316508818572,0.04556313788713195,0.005433393711769609,0.00023408219235833804,1001.0,9012.0,0.0004101999220438301,124.0,13.0,0.001963812823607856,2.0002161288406537,0.004825611009413703,2.0002161288406537,1974.0,1.000921297896683,-73.17613879293204,0.005285078007727861,87.29873172938824,80.02,-117.8339025489986,40,185,3.9273618422622776,0,8810.64,0.5216775939926057,124.64,128,494000,0,0,332839,13,0,0,9012,2075260,1.0,29967,1001,3950000,2,0,2,17.635612535612537,92.53133903133902,0.000604373390698293,0.0003336279444197,1001.0,9012.0,9012.0,1001.0,-73.17613879293204,-73.17613879293204,1001,0,1.0,128,1.0,0,0,494000,0.5216775939926057,0,1001,0,13,128,8810.64,0,13,2075260,0,494000,9012,0.5216775939926057,0,3950000,0,332839,29967,8810.64,9012,0,124.64,332839,2075260,29967,3950000,0,2000.0,3950000,69125,2000.0,494000,3950000,494000,1932.6651766337893,1932.6603349448533,2000.0,0.09867714,0.07002996,7.4020305,69125,-98.92206,0.09867714,16,3950000,494000,-20.368462,1975.0,8518.0,0.001,-2.1698365,1932.653429448668,0.16591354930457394,4.4094178573705175e-05,1.0299030756739133e-05,0.00013588719399476124,0.00011798097972388232,5.918720276470268e-06,0.00011439615225910206,0.0001196238019107912,4.240781521920366e-06,2.5881846123388214e-05,6.943611897064508e-06,5.870132996683999e-05,0.010896090556314915,0.0005562369715842636,0.043930222719334555,1.7147170185336127e-05,0.01196369625332758,7.191406255258276e-05,0.09797931568989762
248,10014.0,False,10,8e1d2_00000,2025-12-16_21-43-10,1765939390,261.39953875541687,1947.7981741428375,10364,David_Laptop,127.0.0.1,1947.7981741428375,10,23.48036824076476,3.2115884848320585e-05,1.050156459663593,0.027903448654093027,0.005069499439975648,0.6467144278380169,0.29295771906469287,0.04767879696046519,0.005384820022125591,0.0002399097343396421,1002.0,10014.0,0.0004101999220438301,136.0,12.0,0.0019887562137669663,1.9974392527111342,0.004969912626951615,1.9974392527111342,2222.0,1.0467143376736021,-74.2931033679098,0.005182176004163921,-66.87119819223881,79.56,-117.8339025489986,48,185,3.8573571991476627,0,9814.19,0.5420094613974331,138.19,140,496000,0,0,350601,12,0,0,10014,2425861,1.0,33301,1002,4446000,2,0,2,17.32507042253521,89.65042253521128,0.0006338903278673377,0.00034827715911549983,1002.0,10014.0,10014.0,1002.0,-74.2931033679098,-74.2931033679098,1002,0,1.0,140,1.0,0,0,496000,0.5420094613974331,0,1002,0,12,140,9814.19,0,12,2425861,0,496000,10014,0.5420094613974331,0,4446000,0,350601,33301,9814.19,10014,0,138.19,350601,2425861,33301,4446000,0,2000.0,4446000,69125,2000.0,496000,4446000,496000,1924.9217897830993,1924.9499829795166,2000.0,0.07757472,0.058702398,5.59792,69125,-103.20028,0.07757472,18,4446000,496000,-21.461174,2223.0,9521.0,0.001,-2.2481995,1924.9421444268469,0.17377933898393144,4.6675920621942025e-05,1.0557839262100016e-05,0.00013968540734657576,0.00012389562180992837,5.760435046670129e-06,0.00011797111194099261,0.00012019003405180415,4.409352049506259e-06,2.7933276288658417e-05,7.5429197943589826e-06,5.901414645889349e-05,0.011550757229573062,0.0005532369696317093,0.04655614237994913,1.8740898567648413e-05,0.01263699205773552,7.496576264964675e-05,0.10185776617055316
249,11017.0,False,11,8e1d2_00000,2025-12-16_21-47-07,1765939627,236.33115983009338,2184.129333972931,10364,David_Laptop,127.0.0.1,2184.129333972931,11,25.608803676357606,2.6809020563275207e-05,0.8570061537867217,0.018215506118178022,0.0039985554954271915,0.5334254720393897,0.23748274263673028,0.03895918186621776,0.0048551460847116755,0.00020526922150054317,1003.0,11017.0,0.0004101999220438301,145.0,9.0,0.0017627217323274058,1.998919823050413,0.0042500809401131625,1.998919823050413,2471.0,0.8557240116924567,-76.01481913030148,0.005013820000458509,-66.87119819223881,81.46,-124.5218301936984,48,185,6.788415124580705,0,10818.15,0.5617796386192946,148.15,149,498000,0,0,368963,9,0,0,11017,2794824,1.0,36261,1003,4944000,2,0,2,17.28482972136223,92.88606811145512,0.0005340749752541292,0.00027656526389618685,1003.0,11017.0,11017.0,1003.0,-76.01481913030148,-76.01481913030148,1003,0,1.0,149,1.0,0,0,498000,0.5617796386192946,0,1003,0,9,149,10818.15,0,9,2794824,0,498000,11017,0.5617796386192946,0,4944000,0,368963,36261,10818.15,11017,0,148.15,368963,2794824,36261,4944000,0,2000.0,4944000,69125,2000.0,498000,4944000,498000,3382.174514995118,3382.270347494,2000.0,0.06312241,0.054413084,4.5124035,69125,-105.037796,0.06312241,20,4944000,498000,-22.051876,2472.0,10522.0,0.001,-1.4301482,3382.2344528927483,0.14140424875445046,4.007949747899877e-05,8.571360969460085e-06,0.00011972750165883702,0.00010344783334587576,4.132455703114887e-06,0.00010606013451007032,9.678430670405058e-05,3.6418437206980824e-06,2.238874835525518e-05,6.140809297778744e-06,4.659804345468959e-05,0.009240105506812188,0.0004719725247156606,0.037053023888305045,1.3850252017078006e-05,0.01028119962104403,5.645359991230151e-05,0.08389232881001235
248,12019.0,False,12,8e1d2_00000,2025-12-16_21-49-29,1765939769,142.2006392478943,2326.329973220825,10364,David_Laptop,127.0.0.1,2326.329973220825,12,26.774548224593534,2.1312070046116265e-05,0.5971350260345156,0.01371836863447044,0.0026601930686358977,0.36980182776100096,0.16543955979857605,0.027343012909579818,0.003997048158503223,0.00015531899390579577,1002.0,12019.0,0.0004101999220438301,155.0,10.0,0.001347697691271107,2.0001243237126345,0.00321661046389348,2.0001243237126345,2719.0,0.5949411463545544,-82.50948367007076,0.005445704003795982,-68.18581232428551,93.64,-136.05710443109274,58,218,7.082206835474825,0,11818.14,0.5802237488239406,156.14,159,496000,0,0,380006,10,0,0,12019,3174830,1.0,38042,1002,5440000,2,0,2,14.796482412060302,87.48241206030151,0.00040319512633313955,0.0002049762242486689,1002.0,12019.0,12019.0,1002.0,-82.50948367007076,-82.50948367007076,1002,0,1.0,159,1.0,0,0,496000,0.5802237488239406,0,1002,0,10,159,11818.14,0,10,3174830,0,496000,12019,0.5802237488239406,0,5440000,0,380006,38042,11818.14,12019,0,156.14,380006,3174830,38042,5440000,0,2000.0,5440000,69125,2000.0,496000,5440000,496000,3495.568107857815,3495.6089157432684,2000.0,0.05134713,0.088621184,3.569125,69125,-105.9051,0.05134713,22,5440000,496000,-23.081999,2720.0,11526.0,0.001,2.0688696,3495.580359393761,0.09905982524265074,3.005609688567146e-05,6.511922469463992e-06,9.441568003305941e-05,7.731763077132203e-05,3.174821492929817e-06,7.931511725109584e-05,7.327074822398956e-05,2.7035598474939197e-06,1.6888571713295522e-05,4.545796746477501e-06,3.480632066404656e-05,0.006280002966172522,0.0003609070946397214,0.025384430176120062,9.47622784228196e-06,0.007162219688116783,3.685244747218717e-05,0.059595929522766475
247,13019.0,False,13,8e1d2_00000,2025-12-16_21-52-37,1765939957,188.58986496925354,2514.9198381900787,10364,David_Laptop,127.0.0.1,2514.9198381900787,13,28.3925832413477,2.8117569278588105e-05,0.8332785540144297,0.021695210661625573,0.003775401443113538,0.5148367426600987,0.23033829215576593,0.03828378089223964,0.004743638432447578,0.00020073097271548887,1000.0,13019.0,0.0004101999220438301,167.0,12.0,0.0016661597903579943,2.000228269153575,0.004111370475695013,2.000228269153575,2966.0,0.8313218740016999,-84.60390856221318,0.0053280680114403366,-69.29560504853725,90.38,-174.9936141744256,58,218,5.293406768135532,0,12818.89,0.5981222745516936,168.89,171,494000,0,0,395152,12,0,0,13019,3569982,1.0,40707,1000,5934000,2,0,2,18.097297297297295,90.66640926640926,0.0005138813933752838,0.000292699657549683,1000.0,13019.0,13019.0,1000.0,-84.60390856221318,-84.60390856221318,1000,0,1.0,171,1.0,0,0,494000,0.5981222745516936,0,1000,0,12,171,12818.89,0,12,3569982,0,494000,13019,0.5981222745516936,0,5934000,0,395152,40707,12818.89,13019,0,168.89,395152,3569982,40707,5934000,0,2000.0,5934000,69125,2000.0,494000,5934000,494000,2625.178554046784,2625.3294586781117,2000.0,0.04561283,0.080212064,3.2158263,69125,-103.30857,0.04561283,24,5934000,494000,-22.858192,2967.0,12529.0,0.001,5.789384,2625.251087746735,0.13670817265755197,3.734994444645038e-05,9.551526048325486e-06,0.00011415972563510546,0.00010509087166867909,4.002724021168652e-06,9.700120320204155e-05,0.00010953282496138116,3.5303145810456544e-06,2.2809977117233545e-05,6.383838543066919e-06,4.978290454400661e-05,0.00882061479795785,0.0004709343835352744,0.03592036765025874,1.3614990572494612e-05,0.010029306912630535,5.5394822748178565e-05,0.0809928871699827
248,14019.0,False,14,8e1d2_00000,2025-12-16_21-55-06,1765940106,148.6730818748474,2663.592920064926,10364,David_Laptop,127.0.0.1,2663.592920064926,14,29.595277242934237,2.1217833430060663e-05,0.6073211977830492,0.013795116042806204,0.0028622712978428975,0.37576306927933073,0.16845328801382692,0.028048689304228824,0.003953218681738978,0.00015934784622957811,1000.0,14019.0,0.0004101999220438301,175.0,8.0,0.0013108727285635535,2.000187633852667,0.003162558150421107,2.000187633852667,3214.0,0.6040021395827568,-88.60953986033797,0.0045022880122996866,-69.29560504853725,97.6,-174.9936141744256,58,218,7.169978590152461,0,13818.81,0.61467950204875,176.81,179,496000,0,0,402021,8,0,0,14019,3972003,1.0,43278,1000,6430000,2,0,2,17.744444444444447,90.37294685990338,0.0004038273327864897,0.00020995785462502042,1000.0,14019.0,14019.0,1000.0,-88.60953986033797,-88.60953986033797,1000,0,1.0,179,1.0,0,0,496000,0.61467950204875,0,1000,0,8,179,13818.81,0,8,3972003,0,496000,14019,0.61467950204875,0,6430000,0,402021,43278,13818.81,14019,0,176.81,402021,3972003,43278,6430000,0,2000.0,6430000,69125,2000.0,496000,6430000,496000,3516.6095033029724,3516.7007568617655,2000.0,0.038904443,0.0995097,2.7698705,69125,-104.9976,0.038904443,26,6430000,496000,-22.171024,3215.0,13531.0,0.001,10.985541,3516.6552607481194,0.10125066133798714,3.139487147156586e-05,6.900645604807903e-06,9.378192020759288e-05,7.866149479138836e-05,3.163430893756835e-06,7.445919280514416e-05,7.60657557837245e-05,2.653086270905179e-06,1.745452867605444e-05,4.5953982204782805e-06,3.5465933081555265e-05,0.0063430264077580815,0.00036549463630320105,0.026086519482057244,1.0552808660668921e-05,0.0073317672165723715,3.9883608378937496e-05,0.060812128572499916
249,15022.0,False,15,8e1d2_00000,2025-12-16_21-57-30,1765940250,143.7506833076477,2807.343603372574,10364,David_Laptop,127.0.0.1,2807.343603372574,15,30.736721548505837,2.105755706380157e-05,0.5815042189365711,0.014557682618872986,0.002599725329719605,0.3582765060248096,0.16196492159955592,0.02635291494227264,0.003964167754422631,0.00015288728122626937,1003.0,15022.0,0.0004101999220438301,182.0,7.0,0.0013110483305216795,2.000185616576746,0.003114334815086526,2.000185616576746,3463.0,0.5794729744338838,-91.79636019550264,0.004087454008404165,-69.29560504853725,105.12,-174.9936141744256,59,218,7.098565175080848,0,14821.67,0.6299782710762556,183.67,186,498000,0,0,412794,7,0,0,15022,4384797,1.0,45166,1003,6928000,2,0,2,16.8085,89.8525,0.00040998098932634155,0.0002026592944443133,1003.0,15022.0,15022.0,1003.0,-91.79636019550264,-91.79636019550264,1003,0,1.0,186,1.0,0,0,498000,0.6299782710762556,0,1003,0,7,186,14821.67,0,7,4384797,0,498000,15022,0.6299782710762556,0,6928000,0,412794,45166,14821.67,15022,0,183.67,412794,4384797,45166,6928000,0,2000.0,6928000,69125,2000.0,498000,6928000,498000,3506.1545296318527,3506.1444107916955,2000.0,0.0016563283,0.0016625611,2.6731968,69125,-106.37949,0.0016563283,28,6928000,498000,-22.529308,3464.0,14533.0,0.001,16.377888,3506.161967808676,0.09750756024956189,3.0332098042760237e-05,6.476818760936556e-06,0.00010883346917642974,7.468102178451814e-05,3.1482691450431955e-06,7.491917557447871e-05,7.373754817627215e-05,2.606209135827083e-06,1.639494352794289e-05,4.682567107219017e-06,3.431704311662609e-05,0.005981619537570643,0.00036327146562381514,0.024688481126408934,9.722967945819113e-06,0.0068635332947680405,3.669328941725835e-05,0.05932358004933832
248,16022.0,False,16,8e1d2_00000,2025-12-16_22-01-48,1765940508,257.70548009872437,3065.049083471298,10364,David_Laptop,127.0.0.1,3065.049083471298,16,33.006278102020765,3.89535146277065e-05,1.1515592763623168,0.019553279730566822,0.0054819280291075285,0.7251586389040854,0.3154897293314055,0.05105609622386902,0.006300303190540087,0.0002797405501493589,1000.0,16022.0,0.0004101999220438301,190.0,8.0,0.002149150370223148,2.000149656734292,0.005315040916884509,2.000149656734292,3711.0,1.1462498072932827,-95.45519423738122,0.004110704015474766,-69.29560504853725,111.12,-174.9936141744256,59,218,3.150762826345314,0,15822.67,0.6441589744101229,192.67,194,496000,0,0,417097,8,0,0,16022,4801894,1.0,47119,1000,7424000,2,0,2,23.366946778711483,88.89439775910364,0.0007126916746294152,0.0003787939629329673,1000.0,16022.0,16022.0,1000.0,-95.45519423738122,-95.45519423738122,1000,0,1.0,194,1.0,0,0,496000,0.6441589744101229,0,1000,0,8,194,15822.67,0,8,4801894,0,496000,16022,0.6441589744101229,0,7424000,0,417097,47119,15822.67,16022,0,192.67,417097,4801894,47119,7424000,0,2000.0,7424000,69125,2000.0,496000,7424000,496000,1572.508694842717,1572.4397149394167,2000.0,0.0015810559,0.0018913555,2.4901147,69125,-107.557686,0.0015810559,30,7424000,496000,-23.908266,3712.0,15534.0,0.001,16.57346,1572.4618720680057,0.18716790726540966,5.4882060914854575e-05,1.0727614714105856e-05,0.00016240532009047194,0.00013845673690327933,5.726425888103937e-06,0.00013981742797433748,0.00013136139636784846,4.5522793693918066e-06,2.968265806980267e-05,1.023048556966807e-05,6.596909114125721e-05,0.012273811385064039,0.0006840966366675111,0.04981175476908472,1.7502225838939275e-05,0.013594983360194409,8.465891450048193e-05,0.11008792890491095
247,17023.0,False,17,8e1d2_00000,2025-12-16_22-05-35,1765940735,226.97733783721924,3292.0264213085175,10364,David_Laptop,127.0.0.1,3292.0264213085175,17,34.94574440100033,3.8382866224658374e-05,0.9650529354153806,0.017906647666840785,0.004521237557581903,0.5989047193556583,0.2676467721990261,0.04548528226316023,0.005775854152224196,0.00023421489181509397,1001.0,17023.0,0.0004101999220438301,203.0,13.0,0.0019849073206471435,2.0002189841599884,0.004838483103396388,2.0002189841599884,3958.0,0.9585130281445391,-91.09416229583323,0.004321012003347277,-69.29560504853725,102.72,-180.83597319573164,59,206,3.5051457607548526,0,16822.93,0.6569974143091969,204.93,207,494000,0,0,419270,13,0,0,17023,5221164,1.0,49633,1001,7918000,2,0,2,17.82172523961661,90.24217252396166,0.0006091843186350329,0.0003182299024965288,1001.0,17023.0,17023.0,1001.0,-91.09416229583323,-91.09416229583323,1001,0,1.0,207,1.0,0,0,494000,0.6569974143091969,0,1001,0,13,207,16822.93,0,13,5221164,0,494000,17023,0.6569974143091969,0,7918000,0,419270,49633,16822.93,17023,0,204.93,419270,5221164,49633,7918000,0,2000.0,7918000,69125,2000.0,494000,7918000,494000,1729.5680008014674,1729.5063711798875,2000.0,0.001814423,0.0010700888,2.947171,69125,-108.321556,0.001814423,32,7918000,494000,-24.387213,3959.0,16538.0,0.001,15.770226,1729.5595075167569,0.1584883999909717,4.309493788757323e-05,9.83432072973557e-06,0.00014305541291675478,0.00011516138185353256,4.805013262594984e-06,0.00012206156421600807,0.00011101252313117819,4.053776292712199e-06,2.4575812666381916e-05,6.8326509910872304e-06,5.278400027358378e-05,0.010157204674968282,0.0005347353621777649,0.04183173389350257,1.5886458240710886e-05,0.011491287912231649,6.771836041766916e-05,0.09389431529843735
248,18025.0,False,18,8e1d2_00000,2025-12-16_22-08-32,1765940912,177.59683418273926,3469.6232554912567,10364,David_Laptop,127.0.0.1,3469.6232554912567,18,36.372061972990586,2.3929392938932542e-05,0.6439992233307472,0.014186051043869273,0.002939796365111696,0.3996607837282638,0.1773138966149245,0.02998314072539724,0.004227022884177212,0.00016628750882751036,1002.0,18025.0,0.0004101999220438301,213.0,10.0,0.0013976704617778193,2.0001730268638305,0.0033877857261781115,2.0001730268638305,4206.0,0.641308653935307,-89.32215605899691,0.004491466006729752,-69.41140608489513,104.86,-180.83597319573164,59,249,7.151813399319235,0,17825.75,0.668908230744847,215.75,217,496000,0,0,426133,10,0,0,18025,5647297,1.0,52578,1002,8414000,2,0,2,18.8417004048583,91.74048582995954,0.0004330672383912706,0.00022978304765755044,1002.0,18025.0,18025.0,1002.0,-89.32215605899691,-89.32215605899691,1002,0,1.0,217,1.0,0,0,496000,0.668908230744847,0,1002,0,10,217,17825.75,0,10,5647297,0,496000,18025,0.668908230744847,0,8414000,0,426133,52578,17825.75,18025,0,215.75,426133,5647297,52578,8414000,0,2000.0,8414000,69125,2000.0,496000,8414000,496000,3551.9234925300334,3551.632279980411,2000.0,0.0016926242,0.0010782504,2.7937715,69125,-109.088936,0.0016926242,34,8414000,496000,-22.909897,4207.0,17540.0,0.001,14.363485,3551.6794933253022,0.10608859949737982,3.732776603367444e-05,7.115592317536414e-06,0.00010172029613887964,8.634268789725392e-05,3.303466648017574e-06,7.875599819951815e-05,8.097528218917588e-05,2.949386539022535e-06,1.79690940033659e-05,4.739265888125571e-06,3.671394186082793e-05,0.006619060455058879,0.00036819371154787797,0.027479096856318545,1.1065811452876218e-05,0.007693472842671845,4.015481768856389e-05,0.06361519700760437
249,19025.0,False,19,8e1d2_00000,2025-12-16_22-10-56,1765941056,143.4432406425476,3613.0664961338043,10364,David_Laptop,127.0.0.1,3613.0664961338043,19,37.442636843260615,2.0523854705859175e-05,0.5802285317902668,0.015235835960484037,0.0028767308229327043,0.35726420864159725,0.16008913215867604,0.02683531925521179,0.003848863351661237,0.00015551034461863504,1000.0,19025.0,0.0004101999220438301,217.0,4.0,0.0013529329519456133,2.000077240053929,0.003140937004612218,2.000077240053929,4455.0,0.57702289357821,-93.96302339926362,0.004487085998989642,-69.41140608489513,113.76,-180.83597319573164,59,249,7.1021393853956605,0,18826.85,0.6801269646103664,220.85,221,498000,0,0,433037,4,0,0,19025,6080334,1.0,54323,1000,8912000,2,0,2,16.63681592039801,88.49253731343283,0.0003970138339371874,0.00020068860133137882,1000.0,19025.0,19025.0,1000.0,-93.96302339926362,-93.96302339926362,1000,0,1.0,221,1.0,0,0,498000,0.6801269646103664,0,1000,0,4,221,18826.85,0,4,6080334,0,498000,19025,0.6801269646103664,0,8912000,0,433037,54323,18826.85,19025,0,220.85,433037,6080334,54323,8912000,0,2000.0,8912000,69125,2000.0,498000,8912000,498000,3534.737754201144,3534.834306417019,2000.0,0.0018062495,0.0010914893,3.0772445,69125,-109.38215,0.0018062495,36,8912000,498000,-22.864483,4456.0,18544.0,0.001,16.229542,3534.752700421906,0.09678601293590837,3.0281245068213932e-05,6.62167561875815e-06,8.935559251391802e-05,8.283851075751737e-05,3.0643677472068597e-06,7.270403088108183e-05,7.176934830442554e-05,2.6518936613875453e-06,1.6716941828116148e-05,4.456693285687044e-06,3.2954477066718564e-05,0.005899321871168946,0.0003356248118416052,0.0246780659750313,9.671937357676675e-06,0.006924849320783358,3.6190305840186805e-05,0.05867945341654237
249,20025.0,False,20,8e1d2_00000,2025-12-16_22-13-42,1765941222,166.14579510688782,3779.212291240692,10364,David_Laptop,127.0.0.1,3779.212291240692,20,38.72948848482709,2.4786606065635e-05,0.7588494913103255,0.01600504525566518,0.0037723255379701975,0.47104249312130425,0.20925502449480657,0.03642375959436263,0.004423660993679955,0.0001850825739636898,1000.0,20025.0,0.0004101999220438301,222.0,5.0,0.0016030354319972536,2.0000433659775796,0.0038186054871163933,2.0000433659775796,4704.0,0.7516601773678604,-100.04527630135416,0.004326593999285251,-69.41140608489513,122.66,-180.83597319573164,59,249,4.119941957955603,0,19827.0,0.6906557885518897,225.0,225,498000,0,0,437620,4,0,0,20025,6517954,1.0,55539,1000,9410000,2,0,2,19.132608695652173,90.17260869565219,0.0004823453670330259,0.0002594722217259336,1000.0,20025.0,20025.0,1000.0,-100.04527630135416,-100.04527630135416,1000,0,1.0,225,1.0,0,0,498000,0.6906557885518897,0,1000,0,4,225,19827.0,0,4,6517954,0,498000,20025,0.6906557885518897,0,9410000,0,437620,55539,19827.0,20025,0,225.0,437620,6517954,55539,9410000,0,2000.0,9410000,69125,2000.0,498000,9410000,498000,2045.4944759750074,2045.4505253935947,2000.0,0.0018139238,0.0023570536,3.0831237,69125,-109.29721,0.0018139238,38,9410000,498000,-23.748587,4705.0,19545.0,0.001,15.198956,2045.4221853992199,0.12414028779919033,3.619484342990916e-05,8.561096642673307e-06,0.00010907251895094374,9.42574385311794e-05,3.818479661172568e-06,9.063738232466159e-05,9.353595393717538e-05,3.2724691768909004e-06,2.1093306812957388e-05,5.397904669193572e-06,4.4086307724299666e-05,0.008017839583425963,0.0004211779403467543,0.032353837797636294,1.3703260504425017e-05,0.009048898065768333,5.097742950418994e-05,0.07388125292712065
249,21025.0,False,21,8e1d2_00000,2025-12-16_22-18-23,1765941503,280.7356581687927,4059.947949409485,10364,David_Laptop,127.0.0.1,4059.947949409485,21,41.149281698978626,4.0399962237532245e-05,1.128318209971009,0.019239311993725958,0.005079667209298691,0.7049282124767051,0.3131583730541919,0.05226301886369862,0.005913348495881286,0.0002592239926449445,1000.0,21025.0,0.0004101999220438301,225.0,3.0,0.002096967397145038,2.000035407418898,0.005266658667234605,2.000035407418898,4953.0,1.125134262212033,-100.99395243361592,0.00427266399608925,-69.41140608489513,128.38,-180.83597319573164,59,250,3.5688550204685785,0,20827.0,0.700510589041763,229.0,229,498000,0,0,441336,4,0,0,21025,6959290,1.0,56591,1000,9908000,2,0,2,22.230412371134026,91.99819587628865,0.0007101773697529614,0.0003703638753374401,1000.0,21025.0,21025.0,1000.0,-100.99395243361592,-100.99395243361592,1000,0,1.0,229,1.0,0,0,498000,0.700510589041763,0,1000,0,4,229,20827.0,0,4,6959290,0,498000,21025,0.700510589041763,0,9908000,0,441336,56591,20827.0,21025,0,229.0,441336,6959290,56591,9908000,0,2000.0,9908000,69125,2000.0,498000,9908000,498000,1793.233746452865,1793.118719231042,2000.0,0.001666785,0.0023188218,2.7664955,69125,-108.94029,0.001666785,40,9908000,498000,-23.891212,4954.0,20549.0,0.001,15.31528,1793.148564451617,0.18648065150842583,5.7452088089290993e-05,1.0579219830603575e-05,0.00014930695398927596,0.0001335580818775291,9.18737079455703e-06,0.0001419722060205307,0.00012995997948813905,4.574153499135494e-06,3.010457377990504e-05,7.505998305014561e-06,5.944678830123562e-05,0.012334626763926578,0.0006131116472186118,0.049658304309422606,1.988441359334374e-05,0.013605134008013716,8.014081984979739e-05,0.10948581497466865
249,22025.0,False,22,8e1d2_00000,2025-12-16_22-23-43,1765941823,320.1322603225708,4380.080209732056,10364,David_Laptop,127.0.0.1,4380.080209732056,22,43.93886034098907,4.8603479824680926e-05,1.327149063297192,0.022049568630220742,0.006462803195472051,0.8281621206994559,0.3643103070217292,0.06458174374200268,0.007272923960430086,0.0003100362725459789,1000.0,22025.0,0.0004101999220438301,229.0,4.0,0.0023803973846198306,2.000086357554262,0.006027537802864876,2.000086357554262,5202.0,1.3176862421388815,-105.3856783825159,0.004467635988257826,-69.41140608489513,147.06,-180.83597319573164,59,380,2.8602778518459693,0,21825.99,0.7097486682703267,231.99,233,498000,0,0,444863,4,0,0,22025,7404153,1.0,57163,1000,10406000,2,0,2,19.263038548752835,90.09659863945579,0.0007935911588034676,0.000424044403387428,1000.0,22025.0,22025.0,1000.0,-105.3856783825159,-105.3856783825159,1000,0,1.0,233,1.0,0,0,498000,0.7097486682703267,0,1000,0,4,233,21825.99,0,4,7404153,0,498000,22025,0.7097486682703267,0,10406000,0,444863,57163,21825.99,22025,0,231.99,444863,7404153,57163,10406000,0,2000.0,10406000,69125,2000.0,498000,10406000,498000,1412.7229730193953,1412.6967155204513,2000.0,0.0014622546,0.002020096,2.485848,69125,-109.86387,0.0014622546,42,10406000,498000,-22.51598,5203.0,21551.0,0.001,14.731855,1412.673642971157,0.21507413490391292,5.850531179802259e-05,1.2269978454699315e-05,0.00017763478617505136,0.0001554990611996653,6.377205467313961e-06,0.00015016343547324994,0.00015078365397407962,6.415134857885818e-06,3.320422575074037e-05,8.512391894579514e-06,6.827854154101518e-05,0.01453645441015913,0.0007205209182804046,0.05851452226841848,2.3043788071505337e-05,0.016246056305195357,0.00011161201330674396,0.1241733396422596
250,23026.0,False,23,8e1d2_00000,2025-12-16_22-28-58,1765942138,314.2924177646637,4694.372627496719,10364,David_Laptop,127.0.0.1,4694.372627496719,23,46.64226931557965,4.06426166086785e-05,1.0534677188799597,0.023107939660211872,0.004841020005261705,0.6538396364035762,0.2890210059762806,0.05048866109312704,0.005844093981642424,0.0002507011584770008,1001.0,23026.0,0.0004101999220438301,230.0,1.0,0.002073246527680487,2.0000254579947283,0.005010286268276891,2.0000254579947283,5452.0,1.0545235677103415,-106.31338433295488,0.004546879988629371,-69.41140608489513,150.0,-180.83597319573164,59,380,6.558273393285574,0,22828.0,0.7184979057676384,234.0,234,500000,0,0,450142,1,0,0,23026,7854295,1.0,58069,1001,10906000,2,0,2,18.37488479262673,91.96082949308756,0.0006489402985783317,0.0003696607324572115,1001.0,23026.0,23026.0,1001.0,-106.31338433295488,-106.31338433295488,1001,0,1.0,234,1.0,0,0,500000,0.7184979057676384,0,1001,0,1,234,22828.0,0,1,7854295,0,500000,23026,0.7184979057676384,0,10906000,0,450142,58069,22828.0,23026,0,234.0,450142,7854295,58069,10906000,0,2000.0,10906000,69125,2000.0,500000,10906000,500000,3305.269358181633,3305.3639175892536,2000.0,0.0015288402,0.0021936721,2.6019936,69125,-109.985504,0.0015288402,44,10906000,500000,-23.879248,5453.0,22553.0,0.001,14.2185135,3305.33869142012,0.17221282756394213,4.9229053900028415e-05,1.0122608393236691e-05,0.00014487204511413236,0.00012695502943586924,5.116772717119192e-06,0.000119916572977926,0.00014672407410556846,4.496038548043583e-06,2.718135119626985e-05,7.456300209514527e-06,5.636337001614426e-05,0.011399005180766279,0.0005809599846730544,0.04641054473714155,1.8330790509447587e-05,0.01284167754589659,7.827294977144861e-05,0.10035312685578046
250,24029.0,False,24,8e1d2_00000,2025-12-16_22-31-23,1765942283,145.20997095108032,4839.5825984478,10364,David_Laptop,127.0.0.1,4839.5825984478,24,47.62783196342352,2.2174553708888915e-05,0.6163930874890496,0.013996406410563232,0.0027317416416313047,0.3804105434294929,0.17091825043722003,0.029533754020985285,0.003953066299083579,0.0001641153614412843,1003.0,24029.0,0.0004101999220438301,233.0,3.0,0.0013289837815857446,2.0000198101466586,0.003201552646131223,2.0000198101466586,5702.0,0.6135566122881797,-109.99603832766414,0.004743287987075746,-69.41140608489513,160.4,-265.6967649757862,59,413,7.0512750145365946,0,23831.0,0.7267082786643421,237.0,237,500000,0,0,452358,3,0,0,24029,8306653,1.0,58829,1003,11406000,2,0,2,17.65693069306931,94.01138613861387,0.0004180052753609997,0.00021958236697427883,1003.0,24029.0,24029.0,1003.0,-109.99603832766414,-109.99603832766414,1003,0,1.0,237,1.0,0,0,500000,0.7267082786643421,0,1003,0,3,237,23831.0,0,3,8306653,0,500000,24029,0.7267082786643421,0,11406000,0,452358,58829,23831.0,24029,0,237.0,452358,8306653,58829,11406000,0,2000.0,11406000,69125,2000.0,500000,11406000,500000,3511.070212058975,3511.0297713401233,2000.0,0.0013109723,0.0025336249,2.214764,69125,-110.26196,0.0013109723,46,11406000,500000,-22.405867,5703.0,23557.0,0.001,13.184471,3511.0923038463166,0.1029878514430845,3.0780317800088424e-05,7.405649135820857e-06,0.00010097436846022301,8.238898944091783e-05,3.1655646297065955e-06,7.727629746138773e-05,7.848021579731022e-05,2.7730556521131766e-06,1.7698384552127025e-05,4.6388102589270175e-06,3.550092755427451e-05,0.006436390570048176,0.000353144812509872,0.02636965573545847,1.0194474870833874e-05,0.007405471047283416,3.9667766540704966e-05,0.06212597028058489
249,25029.0,False,25,8e1d2_00000,2025-12-16_22-34-07,1765942447,164.18734335899353,5003.769941806793,10364,David_Laptop,127.0.0.1,5003.769941806793,25,48.79325484578954,2.7673964099360784e-05,0.7372816014762327,0.015171800082845549,0.003428641477298533,0.45934444588154005,0.20251162521555824,0.03449448689651591,0.00447759063831195,0.00019463561036005113,1000.0,25029.0,0.0004101999220438301,237.0,4.0,0.001606653796864812,2.0000680167026603,0.003849787254271705,2.0000680167026603,5951.0,0.7319920228060801,-116.27755876630545,0.004617745985742658,-69.41140608489513,181.08,-265.6967649757862,59,413,4.323487409069005,0,24830.66,0.7343545704146056,240.66,241,498000,0,0,452637,4,0,0,25029,8759290,1.0,59129,1000,11904000,2,0,2,19.67772925764192,93.46244541484717,0.000510089634911071,0.0002698179343375794,1000.0,25029.0,25029.0,1000.0,-116.27755876630545,-116.27755876630545,1000,0,1.0,241,1.0,0,0,498000,0.7343545704146056,0,1000,0,4,241,24830.66,0,4,8759290,0,498000,25029,0.7343545704146056,0,11904000,0,452637,59129,24830.66,25029,0,240.66,452637,8759290,59129,11904000,0,2000.0,11904000,69125,2000.0,498000,11904000,498000,2160.5215068333177,2160.7583381059885,2000.0,0.00135027,0.0030238004,2.281929,69125,-112.12432,0.00135027,48,11904000,498000,-22.324594,5952.0,24558.0,0.001,13.676296,2160.5861102225144,0.12102173522722219,3.72007265859671e-05,7.909020277965415e-06,0.0001115276614872629,0.00010241598070324202,4.059535102108053e-06,9.217908423958669e-05,9.023931541175028e-05,3.861300225837711e-06,2.2968517661113225e-05,5.615111171365836e-06,4.524358322859762e-05,0.007563645693315266,0.00044585181743141497,0.031580009762855736,1.1780914647512344e-05,0.008679481702079,4.803454342759393e-05,0.07235101018619025
250,26030.0,False,26,8e1d2_00000,2025-12-16_22-39-33,1765942773,325.7316162586212,5329.501558065414,10364,David_Laptop,127.0.0.1,5329.501558065414,26,51.56242261533253,4.650855554663593e-05,1.3576968578324287,0.023338454788477923,0.006475265480644714,0.8485687206240169,0.3717280633567697,0.0653496693847519,0.00708506261986689,0.0003565854639157441,1001.0,26030.0,0.0004101999220438301,238.0,1.0,0.0026179957995078225,2.0000345488335123,0.006436645669760996,2.0000345488335123,6201.0,1.354491564109805,-119.55331845760345,0.004649415984749794,-70.18254988640547,188.58,-265.6967649757862,59,434,2.7591990095370154,0,25831.55,0.7415535740166235,241.55,242,500000,0,0,455977,1,0,0,26030,9215267,1.0,59847,1001,12404000,2,0,2,19.775000000000002,92.20714285714287,0.0008317393139264512,0.0004848679630758265,1001.0,26030.0,26030.0,1001.0,-119.55331845760345,-119.55331845760345,1001,0,1.0,242,1.0,0,0,500000,0.7415535740166235,0,1001,0,1,242,25831.55,0,1,9215267,0,500000,26030,0.7415535740166235,0,12404000,0,455977,59847,25831.55,26030,0,241.55,455977,9215267,59847,12404000,0,2000.0,12404000,69125,2000.0,500000,12404000,500000,1395.7731240608955,1395.7679185839365,2000.0,0.0013115628,0.001414088,2.250653,69125,-112.63619,0.0013115628,50,12404000,500000,-21.837961,6202.0,25561.0,0.001,13.099735,1395.768798881396,0.22178127967116493,5.8772770785440315e-05,1.3233774561060205e-05,0.00018600650607099984,0.00016494466940756352,6.245689410953708e-06,0.00015362584652473356,0.00017000389384938349,5.599389969779642e-06,4.7394876614278604e-05,9.682203395973647e-06,7.850468441819767e-05,0.014630752528876488,0.0007110655668259677,0.060655415270864335,3.5660209994236065e-05,0.016611319513755832,9.280464211454448e-05,0.1283540140782014
250,27033.0,False,27,8e1d2_00000,2025-12-16_22-42-58,1765942978,204.7558891773224,5534.257447242737,10364,David_Laptop,127.0.0.1,5534.257447242737,27,53.09423022917941,2.686655227972956e-05,0.7139508272486332,0.016577668835723775,0.0032898141368682856,0.44071270419876823,0.19742904934854807,0.033923208069261274,0.004326734430583026,0.00017996736216469538,1003.0,27033.0,0.0004101999220438301,241.0,3.0,0.0015309094345070816,2.0000299200330645,0.0036180326266760858,2.0000299200330645,6451.0,0.7117703442539947,-126.30652224540711,0.004579971986822784,-70.18254988640547,209.14,-265.6967649757862,59,434,6.9913608289539715,0,26835.0,0.7483148177342709,245.0,245,500000,0,0,457766,3,0,0,27033,9673033,1.0,60499,1003,12904000,2,0,2,17.46280701754386,91.92105263157895,0.00046204835427973007,0.00024806798057834946,1003.0,27033.0,27033.0,1003.0,-126.30652224540711,-126.30652224540711,1003,0,1.0,245,1.0,0,0,500000,0.7483148177342709,0,1003,0,3,245,26835.0,0,3,9673033,0,500000,27033,0.7483148177342709,0,12904000,0,457766,60499,26835.0,27033,0,245.0,457766,9673033,60499,12904000,0,2000.0,12904000,69125,2000.0,500000,12904000,500000,3482.317612541418,3482.3409428109726,2000.0,0.0013240933,0.0037913863,2.276924,69125,-112.64908,0.0013240933,52,12904000,500000,-21.707819,6452.0,26565.0,0.001,12.764963,3482.3383868911405,0.11893772676541457,3.4491176438157615e-05,7.894694102350157e-06,0.00010472462016533512,8.992311245191966e-05,3.561857045135526e-06,8.583445740442958e-05,8.754694950404465e-05,3.1150450965992986e-06,2.0618768650280965e-05,5.709040301836516e-06,4.11223520165467e-05,0.007672134699658226,0.00043505450973591096,0.03142734543958146,1.3006879665670943e-05,0.008838495449598943,4.708674308665892e-05,0.07020049452691496
250,28035.0,False,28,8e1d2_00000,2025-12-16_22-45-43,1765943143,164.98199892044067,5699.2394461631775,10364,David_Laptop,127.0.0.1,5699.2394461631775,28,54.21297530688787,2.6234269480678813e-05,0.6434863100829021,0.01661938469667206,0.002861932020132648,0.39783879812966244,0.1765558359557106,0.030239499373370386,0.003969314715676588,0.00017081238147180185,1002.0,28035.0,0.0004101999220438301,243.0,2.0,0.0014245056170787713,2.0000512526555,0.00339504262058198,2.0000512526555,6701.0,0.6417590524290714,-131.49165699273348,0.004668043986894191,-70.60403356701136,223.48,-265.6967649757862,61,434,6.909559788351981,0,27836.38,0.7547010708167143,246.38,247,500000,0,0,459442,2,0,0,28035,10132475,1.0,60809,1002,13404000,2,0,2,23.031739130434786,90.13652173913044,0.00042253834253708753,0.00023302216119086262,1002.0,28035.0,28035.0,1002.0,-131.49165699273348,-131.49165699273348,1002,0,1.0,247,1.0,0,0,500000,0.7547010708167143,0,1002,0,2,247,27836.38,0,2,10132475,0,500000,28035,0.7547010708167143,0,13404000,0,459442,60809,27836.38,28035,0,246.38,459442,10132475,60809,13404000,0,2000.0,13404000,69125,2000.0,500000,13404000,500000,3469.2129957915886,3469.1385445474248,2000.0,0.0012896962,0.003139864,2.2567277,69125,-114.681244,0.0012896962,54,13404000,500000,-20.963314,6702.0,27566.0,0.001,13.517503,3469.1313708248167,0.10481408391508458,3.27796338605421e-05,7.0991935240724225e-06,0.00010279946419703196,8.118465538116626e-05,3.2648139714694287e-06,7.618312062986993e-05,8.596329307809577e-05,2.842325849021362e-06,2.010764563782327e-05,4.991140381630308e-06,3.7316271586751806e-05,0.006485609430081051,0.0003825661192192965,0.02721452443581373,1.0850125537891495e-05,0.007654211258515803,5.000174659613736e-05,0.06272543047947828
250,29037.0,False,29,8e1d2_00000,2025-12-16_22-48-10,1765943290,146.6391954421997,5845.878641605377,10364,David_Laptop,127.0.0.1,5845.878641605377,29,55.137125568818206,2.0310132633837968e-05,0.5928593473820356,0.01381201487784582,0.0026730039745379284,0.3646545816052241,0.16540259650749092,0.028347959311563035,0.003937088829491811,0.00015331676275718241,1002.0,29037.0,0.0004101999220438301,245.0,2.0,0.0013409340754233715,2.0000128100146872,0.0031395840376440467,2.0000128100146872,6951.0,0.5895287503727429,-135.25971242651343,0.0046579959825612605,-70.60403356701136,236.24,-265.6967649757862,61,434,6.833135595796692,0,28839.0,0.760737132934774,249.0,249,500000,0,0,460939,2,0,0,29037,10593414,1.0,61555,1002,13904000,2,0,2,16.305853658536584,92.28439024390244,0.0003887302053949348,0.0002053881145752994,1002.0,29037.0,29037.0,1002.0,-135.25971242651343,-135.25971242651343,1002,0,1.0,249,1.0,0,0,500000,0.760737132934774,0,1002,0,2,249,28839.0,0,2,10593414,0,500000,29037,0.760737132934774,0,13904000,0,460939,61555,28839.0,29037,0,249.0,460939,10593414,61555,13904000,0,2000.0,13904000,69125,2000.0,500000,13904000,500000,3398.9080008551896,3398.922595704312,2000.0,0.0013696428,0.0009398129,2.415707,69125,-114.19472,0.0013696428,56,13904000,500000,-20.268652,6952.0,28569.0,0.001,14.022697,3398.889887431326,0.09953630297230569,3.208878622347021e-05,6.386930147280383e-06,8.882289110754494e-05,7.629468880277122e-05,3.0659768534566843e-06,7.332100547896658e-05,7.511577781085067e-05,2.623439787667105e-06,1.7667190265321648e-05,4.548465238134336e-06,3.3517210609787623e-05,0.005960358030375182,0.00034449869445574746,0.02474455790431617,9.568451118674294e-06,0.006935530946967747,3.895329910030938e-05,0.06127251325959987
249,30037.0,True,30,8e1d2_00000,2025-12-16_22-51-24,1765943484,193.9997320175171,6039.878373622894,10364,David_Laptop,127.0.0.1,6039.878373622894,30,56.52561600113041,3.0409499162659106e-05,0.8948290655562792,0.020107983016359316,0.004089419995228063,0.5575997268377796,0.24359030330405773,0.04339924683466322,0.004995422839952977,0.00021388020873201237,1000.0,30037.0,0.0004101999220438301,249.0,4.0,0.0017681915059706973,2.000081697716183,0.004323883515942115,2.000081697716183,7200.0,0.8881601164168342,-143.2105084683001,0.004394291983917355,-70.60403356701136,262.54,-265.6967649757862,61,435,3.7698065431390164,0,29838.18,0.766374500683928,252.18,253,498000,0,0,459419,4,0,0,30037,11052833,1.0,61694,1000,14402000,2,0,2,16.446840148698882,89.6542750929368,0.0005508098720117551,0.0002953762538438277,1000.0,30037.0,30037.0,1000.0,-143.2105084683001,-143.2105084683001,1000,0,1.0,253,1.0,0,0,498000,0.766374500683928,0,1000,0,4,253,29838.18,0,4,11052833,0,498000,30037,0.766374500683928,0,14402000,0,459419,61694,29838.18,30037,0,252.18,459419,11052833,61694,14402000,0,2000.0,14402000,69125,2000.0,498000,14402000,498000,1873.8126584038373,1873.8099530438114,2000.0,0.0015920749,0.0036919725,2.8991506,69125,-109.10559,0.0015920749,58,14402000,498000,-20.185806,7201.0,29570.0,0.001,13.080128,1873.8123786642157,0.1427470732415536,4.1711951807422396e-05,9.193292518037375e-06,0.00012125997220785319,0.00010799583705815734,4.550371604758169e-06,0.00010358375700359043,0.00010159196056816518,3.831929005228409e-06,2.6757527144779364e-05,6.445144611662506e-06,4.967487603503371e-05,0.00936325297290795,0.00048522291844088134,0.03805469918302021,1.599243591893506e-05,0.010698199510965555,6.321050318407733e-05,0.08364852009212169
